Auction,From,State,Loc,,Country,To,Car,Motorcycle,Pickup,SUV,Travel trailer,
Adesa,St. John's - Adesa - Newfoundland and Lab - Adesa,Newfoundland and Labrador,NL - St. John'S ,NL,Canada,Toronto,1800,1650,1950,1800,,St. John'S 
Adesa,Toronto - Adesa - Ontario - Adesa,Ontario,ON - Toronto ,ON,Canada,Toronto,200,175,350,200,,Toronto 
Adesa,Vancouver - Adesa - British Columbia - Adesa,British Columbia,BC - Vancouver ,BC,Canada,Toronto,1950,1800,2150,1950,,Vancouver 
Adesa,Winnipeg - Adesa - Manitoba - Adesa,Manitoba,MB - Winnipeg ,MB,Canada,Toronto,1300,1150,1550,1300,,Winnipeg 
Adesa,Birmingham - Alabama - Adesa,Alabama,AL - Birmingham ,AL,USA,Savannah,375,325,,,,Birmingham 
Adesa,Calgary - Alberta - Adesa,Alberta,AB - Calgary ,AB,Canada,Toronto,1450,1300,1650,1450,,Calgary 
Adesa,Edmonton - Alberta - Adesa,Alberta,AB - Edmonton ,AB,Canada,Toronto,1450,1300,1650,1450,,Edmonton 
Adesa,Phoenix - Arizona - Adesa,Arizona,AZ - Phoenix ,AZ,USA,Los Angeles,350,300,,,,Phoenix 
Adesa,Little Rock - Arkansas - Adesa,Arkansas,AR - Little Rock ,AR,USA,Houston,450,350,,,,Little Rock 
Adesa,Brasher's - California - Adesa,California,CA - Brasher'S ,CA,USA,Los Angeles,400,,,,,Brasher'S 
Adesa,Brasher's Sacramento Auto Auction - California - Adesa,California,CA - Brasher'S Sacramento Auto Auction ,CA,USA,Los Angeles,400,300,,,,Brasher'S Sacramento Auto Auction 
Adesa,Fresno - California - Adesa,California,CA - Fresno ,CA,USA,Los Angeles,350,250,,,,Fresno 
Adesa,Golden Gate - California - Adesa,California,CA - Golden Gate ,CA,USA,Los Angeles,400,300,,,,Golden Gate 
Adesa,Los Angeles - California - Adesa,California,CA - Los Angeles ,CA,USA,Los Angeles,150,150,,,,Los Angeles 
Adesa,Manheim San Francisco Bay - California - Adesa,California,CA - Manheim San Francisco Bay ,CA,USA,Los Angeles,400,300,,,,Manheim San Francisco Bay 
Adesa,Manheim Southern California - California - Adesa,California,CA - Manheim Southern California ,CA,USA,Los Angeles,175,175,,,,Manheim Southern California 
Adesa,Sacramento - California - Adesa,California,CA - Sacramento ,CA,USA,Los Angeles,400,300,,,,Sacramento 
Adesa,San Diego - California - Adesa,California,CA - San Diego ,CA,USA,Los Angeles,230,150,,,,San Diego 
Adesa,Colorado Springs - Colorado - Adesa,Colorado,CO - Colorado Springs ,CO,USA,Chicago,650,500,,,,Colorado Springs 
Adesa,Jacksonville - Florida - Adesa,Florida,FL - Jacksonville ,FL,USA,Savannah,225,175,,,,Jacksonville 
Adesa,Ocala - Florida - Adesa,Florida,FL - Ocala ,FL,USA,Miami,300,275,,,,Ocala 
Adesa,Orlando - Florida - Adesa,Florida,FL - Orlando ,FL,USA,Miami,250,,,,,Orlando 
Adesa,Sarasota - Florida - Adesa,Florida,FL - Sarasota ,FL,USA,Miami,250,225,,,,Sarasota 
Adesa,Tampa - FL - Adesa - Florida - Adesa,Florida,FL - Tampa ,FL,USA,Miami,250,225,,,,Tampa 
Adesa,Atlanta - Georgia - Adesa,Georgia,GA - Atlanta ,GA,USA,Savannah,275,225,,,,Atlanta 
Adesa,Boise - Idaho - Adesa,Idaho,ID - Boise ,ID,USA,Seattle,450,450,,,,Boise 
Adesa,Chicago - Illinois - Adesa,Illinois,IL - Chicago ,IL,USA,Chicago,180,,,,,Chicago 
Adesa,Indianapolis - Indiana - Adesa,Indiana,IN - Indianapolis ,IN,USA,Chicago,300,250,,,,Indianapolis 
Adesa,Indianapolis -IN- Adesa - Indiana - Adesa,Indiana,IN - Indianapolis ,IN,USA,Chicago,300,250,,,,Indianapolis 
Adesa,Des Moines - Iowa - Adesa,Iowa,IA - Des Moines ,IA,USA,Chicago,400,300,,,,Des Moines 
Adesa,Lexington - Kentucky - Adesa,Kentucky,KY - Lexington ,KY,USA,Chicago,425,,,,,Lexington 
Adesa,Shreveport - LA - Adesa - Louisiana - Adesa,Louisiana,LA - Shreveport ,LA,USA,Houston,315,225,,,,Shreveport 
Adesa,Boston - Massachusetts - Adesa,Massachusetts,MA - Boston ,MA,USA,Newark,375,250,,,,Boston 
Adesa,Concord - Massachusetts - Adesa,Massachusetts,MA - Concord ,MA,USA,Newark,375,250,,,,Concord 
Adesa,Flint - Michigan - Adesa,Michigan,MI - Flint ,MI,USA,Chicago,450,,,,,Flint 
Adesa,Great Lakes - Michigan - Adesa,Michigan,MI - Great Lakes ,MI,USA,Chicago,450,400,,,,Great Lakes 
Adesa,Lansing - Michigan - Adesa,Michigan,MI - Lansing ,MI,USA,Chicago,400,300,,,,Lansing 
Adesa,Minneapolis - Minnesota - Adesa,Minnesota,MN - Minneapolis ,MN,USA,Chicago,450,350,,,,Minneapolis 
Adesa,Kansas City - Missouri - Adesa,Missouri,MO - Kansas City ,MO,USA,Savannah,625,450,,,,Kansas City 
Adesa,St. Louis - MO - Adesa - Missouri - Adesa,Missouri,MO - St. Louis ,MO,USA,Savannah,575,,,,,St. Louis 
Adesa,Las Vegas - Nevada - Adesa,Nevada,NV - Las Vegas ,NV,USA,Los Angeles,325,250,,,,Las Vegas 
Adesa,Reno - Nevada - Adesa,Nevada,NV - Reno ,NV,USA,Los Angeles,450,,,,,Reno 
Adesa,Moncton - New Brunswick - Adesa,New Brunswick,NB - Moncton ,NB,Canada,Toronto,1200,1100,1450,1200,,Moncton 
Adesa,Buffalo - New Jersey - Adesa,New Jersey,NJ - Buffalo ,NJ,USA,Newark,500,375,,,,Buffalo 
Adesa,New Jersey - New Jersey - Adesa,New Jersey,NJ - New Jersey ,NJ,USA,Newark,150,,,,,New Jersey 
Adesa,Long Island - New York - Adesa,New York,NY - Long Island ,NY,USA,Newark,250,190,,,,Long Island 
Adesa,Syracuse - NY - Adesa - New York - Adesa,New York,NY - Syracuse ,NY,USA,Newark,325,275,,,,Syracuse 
Adesa,Charlotte - North Carolina - Adesa,North Carolina,NC - Charlotte ,NC,USA,Norfolk,300,250,,,,Charlotte 
Adesa,Raleigh - North Carolina - Adesa,North Carolina,NC - Raleigh ,NC,USA,Norfolk,300,250,,,,Raleigh 
Adesa,Fargo - North Dakota - Adesa,North Dakota,ND - Fargo ,ND,USA,Chicago,650,500,,,,Fargo 
Adesa,Halifax - Nova Scotia - Adesa,Nova Scotia,NS - Halifax ,NS,Canada,Toronto,1100,1000,1250,1100,,Halifax 
Adesa,COLUMBUS FAIR AUTO AUCTION - Ohio - Adesa,Ohio,OH - Columbus Fair Auto Auction ,OH,USA,Norfolk,550,400,,,,Columbus Fair Auto Auction 
Adesa,Cincinnati / Dayton - Ohio - Adesa,Ohio,OH - Cincinnati / Dayton ,OH,USA,Norfolk,550,400,,,,Cincinnati / Dayton 
Adesa,Cleveland - Ohio - Adesa,Ohio,OH - Cleveland ,OH,USA,Norfolk,550,400,,,,Cleveland 
Adesa,Queen City - Ohio - Adesa,Ohio,OH - Queen City ,OH,USA,Norfolk,550,400,,,,Queen City 
Adesa,Tulsa - OK - Adesa - Oklahoma - Adesa,Oklahoma,OK - Tulsa ,OK,USA,Houston,475,375,,,,Tulsa 
Adesa,Kitchener - Ontario - Adesa,Ontario,ON - Kitchener ,ON,Canada,Toronto,250,250,400,250,,Kitchener 
Adesa,Ottawa - Ontario - Adesa,Ontario,ON - Ottawa ,ON,Canada,Toronto,450,425,600,450,,Ottawa 
Adesa,NORTHWEST - Oregon - Adesa,Oregon,OR - Northwest ,OR,USA,Seattle,375,375,,,,Northwest 
Adesa,Portland - Oregon - Adesa,Oregon,OR - Portland ,OR,USA,Seattle,325,,,,,Portland 
Adesa,Mercer - Pennsylvania - Adesa,Pennsylvania,PA - Mercer ,PA,USA,Newark,450,325,,,,Mercer 
Adesa,Pennsylvania - Pennsylvania - Adesa,Pennsylvania,PA - Pennsylvania ,PA,USA,Newark,275,225,,,,Pennsylvania 
Adesa,Pittsburgh - Pennsylvania - Adesa,Pennsylvania,PA - Pittsburgh ,PA,USA,Newark,400,300,,,,Pittsburgh 
Adesa,Montreal - Quebec - Adesa,Quebec,QC - Montreal ,QC,Canada,Toronto,475,400,575,475,,Montreal 
Adesa,Quebec - Quebec - Adesa,Quebec,QC - Quebec ,QC,Canada,Toronto,750,550,850,750,,Quebec 
Adesa,Saskatoon - Saskatchewan - Adesa,Saskatchewan,SK - Saskatoon ,SK,Canada,Toronto,1450,1300,1650,1450,,Saskatoon 
Adesa,Sioux Falls - SD - Adesa - South Dakota - Adesa,South Dakota,SD - Sioux Falls ,SD,USA,Chicago,650,550,,,,Sioux Falls 
Adesa,East Tennessee - Tennessee - Adesa,Tennessee,TN - East Tennessee ,TN,USA,Savannah,450,,,,,East Tennessee 
Adesa,Knoxville - Tennessee - Adesa,Tennessee,TN - Knoxville ,TN,USA,Savannah,400,,,,,Knoxville 
Adesa,Memphis - Tennessee - Adesa,Tennessee,TN - Memphis ,TN,USA,Savannah,500,425,,,,Memphis 
Adesa,Nashville - Tennessee - Adesa,Tennessee,TN - Nashville ,TN,USA,Savannah,400,350,,,,Nashville 
Adesa,Austin - Texas - Adesa,Texas,TX - Austin ,TX,USA,Houston,250,175,,,,Austin 
Adesa,Dallas - Texas - Adesa,Texas,TX - Dallas ,TX,USA,Houston,275,185,,,,Dallas 
Adesa,Houston - Texas - Adesa,Texas,TX - Houston ,TX,USA,Houston,180,100,,,,Houston 
Adesa,San Antonio - Texas - Adesa,Texas,TX - San Antonio ,TX,USA,Houston,300,200,,,,San Antonio 
Adesa,Salt Lake City - Utah - Adesa,Utah,UT - Salt Lake City ,UT,USA,Los Angeles,600,,,,,Salt Lake City 
Adesa,Washington DC - VA - Adesa - Virginia - Adesa,District of Columbia,DC - Washington Dc ,DC,USA,Norfolk,300,250,,,,Washington Dc 
Adesa,Seattle - WA - Adesa - Washington - Adesa,Washington,WA - Seattle ,WA,USA,Seattle,175,175,,,,Seattle 
Adesa,Wisconsin - WI - Adesa - Wisconsin - Adesa,Wisconsin,WI - Wisconsin ,WI,USA,Chicago,300,250,,,,Wisconsin 
AERO AUTO AUCTIONS,OTTAWA - Ontario - AERO AUTO AUCTIONS,Ontario,ON - Ottawa ,ON,Canada,Toronto,450,425,600,450,,Ottawa 
AERO AUTO AUCTIONS,MOTREAL - Quebec - AERO AUTO AUCTIONS,Quebec,QC - Motreal ,QC,Canada,Toronto,475,400,575,,,Motreal 
BELAIR AUTO AUCTION,BEL AIR - BELCAMP - Maryland - BELAIR AUTO AUCTION,Maryland,MD - Bel Air ,MD,USA,Norfolk,300,,,,,Bel Air 
BELAIR AUTO AUCTION,EDGEWOOD - Maryland - BELAIR AUTO AUCTION,Maryland,MD - Edgewood ,MD,USA,Norfolk,300,,,,,Edgewood 
Copart,BIRMINGHAM - Alabama - Copart,Alabama,AL - Birmingham ,AL,USA,Savannah,375,325,,,,Birmingham 
Copart,DOTHAN - Alabama - Copart,Alabama,AL - Dothan ,AL,USA,Savannah,375,325,,,,Dothan 
Copart,MOBILE - Alabama - Copart,Alabama,AL - Mobile ,AL,USA,Savannah,400,350,,,,Mobile 
Copart,MOBILE SOUTH - Alabama - Copart,Alabama,AL - Mobile South ,AL,USA,Savannah,400,350,,,,Mobile South 
Copart,MONTGOMERY - Alabama - Copart,Alabama,AL - Montgomery ,AL,USA,Savannah,400,350,,,,Montgomery 
Copart,TANNER - Alabama - Copart,Alabama,AL - Tanner ,AL,USA,Savannah,425,350,,,,Tanner 
Copart,ANCHORAGE - Alaska - Copart,Alaska,AK - Anchorage ,AK,USA,Anchorage,Call for price,,,,,Anchorage 
Copart,CALGARY - Alberta - Copart,Alberta,AB - Calgary ,AB,Canada,Toronto,1450,1300,1650,1450,,Calgary 
Copart,EDMONTON - Alberta - Copart,Alberta,AB - Edmonton ,AB,Canada,Toronto,1450,1300,1650,1450,,Edmonton 
Copart,PHOENIX - Arizona - Copart,Arizona,AZ - Phoenix ,AZ,USA,Los Angeles,350,300,,,,Phoenix 
Copart,TUCSON - Arizona - Copart,Arizona,AZ - Tucson ,AZ,USA,Los Angeles,400,350,,,,Tucson 
Copart,FAYETTEVILLE - Arkansas - Copart,Arkansas,AR - Fayetteville ,AR,USA,Houston,475,375,,,,Fayetteville 
Copart,LITTLE ROCK - Arkansas - Copart,Arkansas,AR - Little Rock ,AR,USA,Houston,450,350,,,,Little Rock 
Copart,ADELANTO - California - Copart,California,CA - Adelanto ,CA,USA,Los Angeles,300,250,,,,Adelanto 
Copart,ANTELOPE - California - Copart,California,CA - Antelope ,CA,USA,Los Angeles,400,300,,,,Antelope 
Copart,BAKERSFIELD - California - Copart,California,CA - Bakersfield ,CA,USA,Los Angeles,350,250,,,,Bakersfield 
Copart,CRASHEDTOYS SACRAMENTO - California - Copart,California,CA - Crashedtoys Sacramento ,CA,USA,Los Angeles,,300,,,,Crashedtoys Sacramento 
Copart,FRESNO - California - Copart,California,CA - Fresno ,CA,USA,Los Angeles,375,300,,,,Fresno 
Copart,HAYWARD - California - Copart,California,CA - Hayward ,CA,USA,Los Angeles,400,300,,,,Hayward 
Copart,LONG BEACH - California - Copart,California,CA - Long Beach ,CA,USA,Los Angeles,150,150,,,,Long Beach 
Copart,LOS ANGELES - California - Copart,California,CA - Los Angeles ,CA,USA,Los Angeles,160,160,,,,Los Angeles 
Copart,MARTINEZ - California - Copart,California,CA - Martinez ,CA,USA,Los Angeles,400,300,,,,Martinez 
Copart,MENTONE - California - Copart,California,CA - Mentone ,CA,USA,Los Angeles,300,300,,,,Mentone 
Copart,RANCHO CUCAMONGA - California - Copart,California,CA - Rancho Cucamonga ,CA,USA,Los Angeles,200,200,,,,Rancho Cucamonga 
Copart,REDDING - California - Copart,California,CA - Redding ,CA,USA,Los Angeles,800,650,,,,Redding 
Copart,SACRAMENTO - California - Copart,California,CA - Sacramento ,CA,USA,Los Angeles,400,300,,,,Sacramento 
Copart,SAN BERNARDINO - California - Copart,California,CA - San Bernardino ,CA,USA,Los Angeles,200,200,,,,San Bernardino 
Copart,SAN DIEGO - California - Copart,California,CA - San Diego ,CA,USA,Los Angeles,230,150,,,,San Diego 
Copart,SAN JOSE - California - Copart,California,CA - San Jose ,CA,USA,Los Angeles,400,300,,,,San Jose 
Copart,SO SACRAMENTO - California - Copart,California,CA - So Sacramento ,CA,USA,Los Angeles,400,300,,,,So Sacramento 
Copart,SUN VALLEY - California - Copart,California,CA - Sun Valley ,CA,USA,Los Angeles,200,200,,,,Sun Valley 
Copart,VALLEJO - California - Copart,California,CA - Vallejo ,CA,USA,Los Angeles,400,300,,,,Vallejo 
Copart,VAN NUYS - California - Copart,California,CA - Van Nuys ,CA,USA,Los Angeles,200,200,,,,Van Nuys 
Copart,COLORADO SPRINGS - Colorado - Copart,Colorado,CO - Colorado Springs ,CO,USA,Chicago,650,500,,,,Colorado Springs 
Copart,DENVER - Colorado - Copart,Colorado,CO - Denver ,CO,USA,Chicago,650,500,,,,Denver 
Copart,DENVER CENTRAL - Colorado - Copart,Colorado,CO - Denver Central ,CO,USA,Chicago,650,500,,,,Denver Central 
Copart,DENVER SOUTH - Colorado - Copart,Colorado,CO - Denver South ,CO,USA,Chicago,650,500,,,,Denver South 
Copart,MO - COLUMBIA - Missouri - Copart,Missouri,MO - Mo ,MO,USA,Savannah,625,425,,,,Mo 
Copart,HARTFORD - Connecticut - Copart,Connecticut,CT - Hartford ,CT,USA,Newark,225,175,,,,Hartford 
Copart,HARTFORD SPRINGFIELD - Connecticut - Copart,Connecticut,CT - Hartford Springfield ,CT,USA,Newark,250,200,,,,Hartford Springfield 
Copart,SEAFORD - Delaware - Copart,Delaware,DE - Seaford ,DE,USA,Newark,325,250,,,,Seaford 
Copart,FT. PIERCE - Florida - Copart,Florida,FL - Ft. Pierce ,FL,USA,Miami,200,180,,,,Ft. Pierce 
Copart,JACKSONVILLE EAST - Florida - Copart,Florida,FL - Jacksonville East ,FL,USA,Savannah,225,175,,,,Jacksonville East 
Copart,JACKSONVILLE NORTH - Florida - Copart,Florida,FL - Jacksonville North ,FL,USA,Savannah,225,175,,,,Jacksonville North 
Copart,JACKSONVILLE WEST - Florida - Copart,Florida,FL - Jacksonville West ,FL,USA,Savannah,225,175,,,,Jacksonville West 
Copart,MIAMI CENTRAL - Florida - Copart,Florida,FL - Miami Central ,FL,USA,Miami,125,125,,,,Miami Central 
Copart,MIAMI NORTH - Florida - Copart,Florida,FL - Miami North ,FL,USA,Miami,125,125,,,,Miami North 
Copart,MIAMI SOUTH - Florida - Copart,Florida,FL - Miami South ,FL,USA,Miami,150,150,,,,Miami South 
Copart,OCALA - Florida - Copart,Florida,FL - Ocala ,FL,USA,Miami,300,275,,,,Ocala 
Copart,ORLANDO - Florida - Copart,Florida,FL - Orlando ,FL,USA,Miami,250,225,,,,Orlando 
Copart,ORLANDO NORTH - Florida - Copart,Florida,FL - Orlando North ,FL,USA,Miami,250,225,,,,Orlando North 
Copart,ORLANDO SOUTH - Florida - Copart,Florida,FL - Orlando South ,FL,USA,Miami,250,225,,,,Orlando South 
Copart,PUNTA GORDA - Florida - Copart,Florida,FL - Punta Gorda ,FL,USA,Miami,225,200,,,,Punta Gorda 
Copart,PUNTA GORDA SOUTH - Florida - Copart,Florida,FL - Punta Gorda South ,FL,USA,Miami,275,250,,,,Punta Gorda South 
Copart,TALLAHASSEE - Florida - Copart,Florida,FL - Tallahassee ,FL,USA,Savannah,325,250,,,,Tallahassee 
Copart,TAMPA SOUTH - Florida - Copart,Florida,FL - Tampa South ,FL,USA,Miami,225,200,,,,Tampa South 
Copart,WEST PALM BEACH - Florida - Copart,Florida,FL - West Palm Beach ,FL,USA,Miami,170,170,,,,West Palm Beach 
Copart,ATLANTA EAST - Georgia - Copart,Georgia,GA - Atlanta East ,GA,USA,Savannah,300,250,,,,Atlanta East 
Copart,ATLANTA NORTH - Georgia - Copart,Georgia,GA - Atlanta North ,GA,USA,Savannah,325,250,,,,Atlanta North 
Copart,ATLANTA SOUTH - Georgia - Copart,Georgia,GA - Atlanta South ,GA,USA,Savannah,300,250,,,,Atlanta South 
Copart,ATLANTA WEST - Georgia - Copart,Georgia,GA - Atlanta West ,GA,USA,Savannah,275,225,,,,Atlanta West 
Copart,Augusta - Georgia - Copart,Georgia,GA - Augusta ,GA,USA,Savannah,275,225,,,,Augusta 
Copart,CARTERSVILLE - Georgia - Copart,Georgia,GA - Cartersville ,GA,USA,Savannah,300,250,,,,Cartersville 
Copart,CRASHEDTOYS ATLANTA - Georgia - Copart,Georgia,GA - Crashedtoys Atlanta ,GA,USA,Savannah,275,250,,,,Crashedtoys Atlanta 
Copart,FAIRBURN - Georgia - Copart,Georgia,GA - Fairburn ,GA,USA,Savannah,275,250,,,,Fairburn 
Copart,MACON - Georgia - Copart,Georgia,GA - Macon ,GA,USA,Savannah,250,200,,,,Macon 
Copart,SAVANNAH - Georgia - Copart,Georgia,GA - Savannah ,GA,USA,Savannah,125,125,,,,Savannah 
Copart,TIFTON - Georgia - Copart,Georgia,GA - Tifton ,GA,USA,Savannah,275,225,,,,Tifton 
Copart,SAVANNAH / VERTIA SUBLOT-Georgia Copart - Georgia - Copart,Georgia,GA - Savannah / Vertia Sublot,GA,USA,Savannah,175,150,,,,Savannah / Vertia Sublot
Copart,ADP TOWING MAUI - Hawaii - Copart,Hawaii,HA - Adp Towing Maui ,HA,USA,Los Angeles,2150,,,,,Adp Towing Maui 
Copart,DK TOWING KAUAI - Hawaii - Copart,Hawaii,HA - Dk Towing Kauai ,HA,USA,Los Angeles,2750,,3150,2950,,Dk Towing Kauai 
Copart,DK TOWING KAUAI - Hawaii - Copart,Hawaii,HA - Dk Towing Kauai ,HA,USA,Honolulu,1750,,2050,1850,,Dk Towing Kauai 
Copart,HONOLULU - Hawaii - Copart,Hawaii,HA - Honolulu ,HA,USA,Honolulu,120,,,,,Honolulu 
Copart,KENS TOWING HILO - Hawaii - Copart,Hawaii,HA - Kens Towing Hilo ,HA,USA,Los Angeles,2000,,,,,Kens Towing Hilo 
Copart,TOW GUYS KAMUELA - Hawaii - Copart,Hawaii,HA - Tow Guys Kamuela ,HA,USA,Los Angeles,2200,,,,,Tow Guys Kamuela 
Copart,BOISE - Idaho - Copart,Idaho,ID - Boise ,ID,USA,Seattle,450,450,,,,Boise 
Copart,CHICAGO NORTH - Illinois - Copart,Illinois,IL - Chicago North ,IL,USA,Chicago,180,180,,,,Chicago North 
Copart,CHICAGO SOUTH - Illinois - Copart,Illinois,IL - Chicago South ,IL,USA,Chicago,180,180,,,,Chicago South 
Copart,CHICAGO SOUTH-Woodmar/Heights sublot - Illinois - Copart,Illinois,IL - Chicago South,IL,USA,Chicago,180,180,,,,Chicago South
Copart,PEORIA - Illinois - Copart,Illinois,IL - Peoria ,IL,USA,Chicago,300,250,,,,Peoria 
Copart,Southern Illinois - Illinois - Copart,Illinois,IL - Southern Illinois ,IL,USA,Savannah,575,425,,,,Southern Illinois 
Copart,WHEELING - Illinois - Copart,Illinois,IL - Wheeling ,IL,USA,Chicago,180,180,,,,Wheeling 
Copart,CICERO - Indiana - Copart,Indiana,IN - Cicero ,IN,USA,Chicago,300,250,,,,Cicero 
Copart,DYER - Indiana - Copart,Indiana,IN - Dyer ,IN,USA,Chicago,180,180,,,,Dyer 
Copart,FORT WAYNE - Indiana - Copart,Indiana,IN - Fort Wayne ,IN,USA,Chicago,300,250,,,,Fort Wayne 
Copart,INDIANAPOLIS - Indiana - Copart,Indiana,IN - Indianapolis ,IN,USA,Chicago,300,250,,,,Indianapolis 
Copart,DAVENPORT - 169 Davenport sublot - Iowa - Copart,Iowa,IA - Davenport ,IA,USA,Chicago,325,275,,,,Davenport 
Copart,DAVENPORT - Iowa - Copart,Iowa,IA - Davenport ,IA,USA,Chicago,325,275,,,,Davenport 
Copart,DES MOINES - Iowa - Copart,Iowa,IA - Des Moines ,IA,USA,Chicago,400,300,,,,Des Moines 
Copart,KANSAS CITY - Kansas - Copart,Kansas,KS - Kansas City ,KS,USA,Savannah,625,450,,,,Kansas City 
Copart,WICHITA - Kansas - Copart,Kansas,KS - Wichita ,KS,USA,Houston,550,450,,,,Wichita 
Copart,EARLINGTON - Kentucky - Copart,Kentucky,KY - Earlington ,KY,USA,Chicago,475,400,,,,Earlington 
Copart,LEXINGTON EAST - Kentucky - Copart,Kentucky,KY - Lexington East ,KY,USA,Chicago,425,325,,,,Lexington East 
Copart,LEXINGTON WEST - Kentucky - Copart,Kentucky,KY - Lexington West ,KY,USA,Chicago,425,325,,,,Lexington West 
Copart,LOUISVILLE - Kentucky - Copart,Kentucky,KY - Louisville ,KY,USA,Chicago,425,325,,,,Louisville 
Copart,WALTON - Kentucky - Copart,Kentucky,KY - Walton ,KY,USA,Chicago,425,325,,,,Walton 
Copart,BATON ROUGE - Louisiana - Copart,Louisiana,LA - Baton Rouge ,LA,USA,Savannah,425,375,,,,Baton Rouge 
Copart,NEW ORLEANS - Louisiana - Copart,Louisiana,LA - New Orleans ,LA,USA,Savannah,425,375,,,,New Orleans 
Copart,SHREVEPORT - Louisiana - Copart,Louisiana,LA - Shreveport ,LA,USA,Houston,315,255,,,,Shreveport 
Copart,LYMAN - Maine - Copart,Maine,ME - Lyman ,ME,USA,Newark,475,375,,,,Lyman 
Copart,Windham - Maine - Copart,Maine,ME - Windham ,ME,USA,Newark,475,375,,,,Windham 
Copart,BALTIMORE - Maryland - Copart,Maryland,MD - Baltimore ,MD,USA,Norfolk,325,275,,,,Baltimore 
Copart,BALTIMORE EAST - Maryland - Copart,Maryland,MD - Baltimore East ,MD,USA,Norfolk,325,275,,,,Baltimore East 
Copart,WASHINGTON DC - Maryland - Copart,District of Columbia,DC - Washington Dc ,DC,USA,Norfolk,300,250,,,,Washington Dc 
Copart,FREETOWN - Massachusetts - Copart,Massachusetts,MA - Freetown ,MA,USA,Newark,375,250,,,,Freetown 
Copart,NORTH BOSTON - Massachusetts - Copart,Massachusetts,MA - North Boston ,MA,USA,Newark,375,250,,,,North Boston 
Copart,SOUTH BOSTON - Massachusetts - Copart,Massachusetts,MA - South Boston ,MA,USA,Newark,375,250,,,,South Boston 
Copart,WEST WARREN - Massachusetts - Copart,Massachusetts,MA - West Warren ,MA,USA,Newark,375,250,,,,West Warren 
Copart,DETROIT - Michigan - Copart,Michigan,MI - Detroit ,MI,USA,Chicago,400,300,,,,Detroit 
Copart,FLINT - Michigan - Copart,Michigan,MI - Flint ,MI,USA,Chicago,450,325,,,,Flint 
Copart,IONIA - Michigan - Copart,Michigan,MI - Ionia ,MI,USA,Chicago,400,300,,,,Ionia 
Copart,KINCHELOE - Michigan - Copart,Michigan,MI - Kincheloe ,MI,USA,Chicago,750,650,,,,Kincheloe 
Copart,LANSING - Michigan - Copart,Michigan,MI - Lansing ,MI,USA,Chicago,400,300,,,,Lansing 
Copart,MINNEAPOLIS - Minnesota - Copart,Minnesota,MN - Minneapolis ,MN,USA,Chicago,450,350,,,,Minneapolis 
Copart,MINNEAPOLIS NORTH - Minnesota - Copart,Minnesota,MN - Minneapolis North ,MN,USA,Chicago,450,350,,,,Minneapolis North 
Copart,ST. CLOUD - Minnesota - Copart,Minnesota,MN - St. Cloud ,MN,USA,Chicago,500,400,,,,St. Cloud 
Copart,JACKSON - Mississippi - Copart,Mississippi,MS - Jackson ,MS,USA,Savannah,425,375,,,,Jackson 
Copart,SIKESTON - Missouri - Copart,Missouri,MO - Sikeston ,MO,USA,Chicago,475,400,,,,Sikeston 
Copart,SPRINGFIELD - Missouri - Copart,Missouri,MO - Springfield ,MO,USA,Savannah,625,425,,,,Springfield 
Copart,ST. LOUIS - Missouri - Copart,Missouri,MO - St. Louis ,MO,USA,Savannah,575,425,,,,St. Louis 
Copart,BILLINGS - Montana - Copart,Montana,MT - Billings ,MT,USA,Seattle,850,850,,,,Billings 
Copart,HELENA - Montana - Copart,Montana,MT - Helena ,MT,USA,Seattle,750,750,,,,Helena 
Copart,TAMPA SOUTH - Mulberry Sublot - Florida - Copart,Florida,FL - Tampa South ,FL,USA,Miami,275,250,,,,Tampa South 
Copart,LINCOLN - Nebraska - Copart,Nebraska,NE - Lincoln ,NE,USA,Chicago,450,350,,,,Lincoln 
Copart,LAS VEGAS - Nevada - Copart,Nevada,NV - Las Vegas ,NV,USA,Los Angeles,325,250,,,,Las Vegas 
Copart,RENO - Nevada - Copart,Nevada,NV - Reno ,NV,USA,Los Angeles,550,500,,,,Reno 
Copart,MONCTON - New Brunswick - Copart,New Brunswick,NB - Moncton ,NB,Canada,Toronto,1200,1100,1450,1200,,Moncton 
Copart,CANDIA - New Hampshire - Copart,New Hampshire,NH - Candia ,NH,USA,Newark,400,300,,,,Candia 
Copart,WEBSTER - New Hampshire - Copart,New Hampshire,NH - Webster ,NH,USA,Newark,400,300,,,,Webster 
Copart,GLASSBORO EAST - New Jersey - Copart,New Jersey,NJ - Glassboro East ,NJ,USA,Newark,200,165,,,,Glassboro East 
Copart,GLASSBORO WEST - New Jersey - Copart,New Jersey,NJ - Glassboro West ,NJ,USA,Newark,200,165,,,,Glassboro West 
Copart,SOMERVILLE - New Jersey - Copart,New Jersey,NJ - Somerville ,NJ,USA,Newark,150,100,,,,Somerville 
Copart,TRENTON - New Jersey - Copart,New Jersey,NJ - Trenton ,NJ,USA,Newark,150,100,,,,Trenton 
Copart,ALBUQUERQUE - New Mexico - Copart,New Mexico,NM - Albuquerque ,NM,USA,Houston,600,400,,,,Albuquerque 
Copart,ALBANY - New York - Copart,New York,NY - Albany ,NY,USA,Newark,275,225,,,,Albany 
Copart,Buffalo - New York - Copart,New York,NY - Buffalo ,NY,USA,Newark,500,375,,,,Buffalo 
Copart,LONG ISLAND - New York - Copart,New York,NY - Long Island ,NY,USA,Newark,250,190,,,,Long Island 
Copart,NEWBURGH - New York - Copart,New York,NY - Newburgh ,NY,USA,Newark,225,175,,,,Newburgh 
Copart,ROCHESTER - New York - Copart,New York,NY - Rochester ,NY,USA,Newark,450,350,,,,Rochester 
Copart,SYRACUSE - New York - Copart,New York,NY - Syracuse ,NY,USA,Newark,325,275,,,,Syracuse 
Copart,ST. JOHN'S - Newfoundland and Lab - Copart,Newfoundland and Labrador,NL - St. John'S ,NL,Canada,Toronto,1800,1650,1950,1800,,St. John'S 
Copart,CHINA GROVE - North Carolina - Copart,North Carolina,NC - China Grove ,NC,USA,Norfolk,300,250,,,,China Grove 
Copart,CONCORD - North Carolina - Copart,North Carolina,NC - Concord ,NC,USA,Norfolk,300,250,,,,Concord 
Copart,GASTONIA - North Carolina - Copart,North Carolina,NC - Gastonia ,NC,USA,Norfolk,325,275,,,,Gastonia 
Copart,LUMBERTON - North Carolina - Copart,North Carolina,NC - Lumberton ,NC,USA,Norfolk,300,250,,,,Lumberton 
Copart,MEBANE - North Carolina - Copart,North Carolina,NC - Mebane ,NC,USA,Norfolk,300,250,,,,Mebane 
Copart,MOCKSVILLE - North Carolina - Copart,North Carolina,NC - Mocksville ,NC,USA,Norfolk,300,250,,,,Mocksville 
Copart,RALEIGH - North Carolina - Copart,North Carolina,NC - Raleigh ,NC,USA,Norfolk,300,250,,,,Raleigh 
Copart,BISMARCK - North Dakota - Copart,North Dakota,ND - Bismarck ,ND,USA,Chicago,Call for price,Call for price,,,,Bismarck 
Copart,HALIFAX - Nova Scotia - Copart,Nova Scotia,NS - Halifax ,NS,Canada,Toronto,1100,1000,1250,1100,,Halifax 
Copart,CLEVELAND EAST - Ohio - Copart,Ohio,OH - Cleveland East ,OH,USA,Norfolk,550,400,,,,Cleveland East 
Copart,CLEVELAND WEST - Ohio - Copart,Ohio,OH - Cleveland West ,OH,USA,Norfolk,550,400,,,,Cleveland West 
Copart,COLUMBUS - Ohio - Copart,Ohio,OH - Columbus ,OH,USA,Norfolk,550,400,,,,Columbus 
Copart,DAYTON - Ohio - Copart,Ohio,OH - Dayton ,OH,USA,Norfolk,550,400,,,,Dayton 
Copart,OKLAHOMA CITY - Oklahoma - Copart,Oklahoma,OK - Oklahoma City ,OK,USA,Houston,400,300,,,,Oklahoma City 
Copart,TULSA - Oklahoma - Copart,Oklahoma,OK - Tulsa ,OK,USA,Houston,475,375,,,,Tulsa 
Copart,LONDON - Ontario - Copart,Ontario,ON - London ,ON,Canada,Toronto,250,250,400,250,,London 
Copart,OTTAWA - Ontario - Copart,Ontario,ON - Ottawa ,ON,Canada,Toronto,450,425,600,450,,Ottawa 
Copart,TORONTO - Ontario - Copart,Ontario,ON - Toronto ,ON,Canada,Toronto,200,175,350,200,,Toronto 
Copart,EUGENE - Oregon - Copart,Oregon,OR - Eugene ,OR,USA,Seattle,375,300,,,,Eugene 
Copart,PORTLAND NORTH - Oregon - Copart,Oregon,OR - Portland North ,OR,USA,Seattle,250,250,,,,Portland North 
Copart,PORTLAND SOUTH - Oregon - Copart,Oregon,OR - Portland South ,OR,USA,Seattle,300,275,,,,Portland South 
Copart,ALTOONA - Pennsylvania - Copart,Pennsylvania,PA - Altoona ,PA,USA,Newark,450,325,,,,Altoona 
Copart,CHAMBERSBURG - Pennsylvania - Copart,Pennsylvania,PA - Chambersburg ,PA,USA,Newark,350,300,,,,Chambersburg 
Copart,HARRISBURG - Pennsylvania - Copart,Pennsylvania,PA - Harrisburg ,PA,USA,Newark,275,225,,,,Harrisburg 
Copart,PHILADELPHIA - Pennsylvania - Copart,Pennsylvania,PA - Philadelphia ,PA,USA,Newark,200,125,,,,Philadelphia 
Copart,PHILADELPHIA EAST-SUBLOT - Pennsylvania - Copart,Pennsylvania,PA - Philadelphia East,PA,USA,Newark,200,125,,,,Philadelphia East
Copart,PITTSBURGH EAST - Pennsylvania - Copart,Pennsylvania,PA - Pittsburgh East ,PA,USA,Newark,400,300,,,,Pittsburgh East 
Copart,PITTSBURGH NORTH - Pennsylvania - Copart,Pennsylvania,PA - Pittsburgh North ,PA,USA,Newark,450,325,,,,Pittsburgh North 
Copart,PITTSBURGH SOUTH - Pennsylvania - Copart,Pennsylvania,PA - Pittsburgh South ,PA,USA,Newark,450,325,,,,Pittsburgh South 
Copart,PITTSBURGH WEST - Pennsylvania - Copart,Pennsylvania,PA - Pittsburgh West ,PA,USA,Newark,450,325,,,,Pittsburgh West 
Copart,SCRANTON - Pennsylvania - Copart,Pennsylvania,PA - Scranton ,PA,USA,Newark,250,175,,,,Scranton 
Copart,YORK HAVEN - Pennsylvania - Copart,Pennsylvania,PA - York Haven ,PA,USA,Newark,275,225,,,,York Haven 
Copart,MONTREAL - Quebec - Copart,Quebec,QC - Montreal ,QC,Canada,Toronto,475,400,575,475,,Montreal 
Copart,EXETER - Rhode Island - Copart,Rhode Island,RI - Exeter ,RI,USA,Newark,350,250,,,,Exeter 
Copart,N.Boston-ROWLEY Sublot - Massachusetts - Copart,Massachusetts,MA - N.Boston,MA,USA,Newark,450,,,,,N.Boston
Copart,NORTH CHARLESTON - South Carolina - Copart,South Carolina,SC - North Charleston ,SC,USA,Savannah,275,200,,,,North Charleston 
Copart,SC - COLUMBIA - South Carolina - Copart,South Carolina,SC - Sc ,SC,USA,Savannah,275,200,,,,Sc 
Copart,SPARTANBURG - South Carolina - Copart,South Carolina,SC - Spartanburg ,SC,USA,Savannah,300,250,,,,Spartanburg 
Copart,RAPID CITY - South Dakota - Copart,South Dakota,SD - Rapid City ,SD,USA,Chicago,Call for price,Call for price,,,,Rapid City 
Copart,KNOXVILLE - Tennessee - Copart,Tennessee,TN - Knoxville ,TN,USA,Savannah,400,350,,,,Knoxville 
Copart,MEMPHIS - Tennessee - Copart,Tennessee,TN - Memphis ,TN,USA,Savannah,500,425,,,,Memphis 
Copart,NASHVILLE - Tennessee - Copart,Tennessee,TN - Nashville ,TN,USA,Savannah,400,350,,,,Nashville 
Copart,ABILENE - Texas - Copart,Texas,TX - Abilene ,TX,USA,Houston,350,300,,,,Abilene 
Copart,AMARILLO - Texas - Copart,Texas,TX - Amarillo ,TX,USA,Houston,525,375,,,,Amarillo 
Copart,ANDREWS - Texas - Copart,Texas,TX - Andrews ,TX,USA,Houston,425,350,,,,Andrews 
Copart,AUSTIN - Texas - Copart,Texas,TX - Austin ,TX,USA,Houston,250,175,,,,Austin 
Copart,CORPUS CHRISTI - Texas - Copart,Texas,TX - Corpus Christi ,TX,USA,Houston,275,225,,,,Corpus Christi 
Copart,CRASHEDTOYS DALLAS - Texas - Copart,Texas,TX - Crashedtoys Dallas ,TX,USA,Houston,275,185,,,,Crashedtoys Dallas 
Copart,DALLAS - Texas - Copart,Texas,TX - Dallas ,TX,USA,Houston,275,185,,,,Dallas 
Copart,DALLAS SOUTH - Texas - Copart,Texas,TX - Dallas South ,TX,USA,Houston,275,185,,,,Dallas South 
Copart,EL PASO - Texas - Copart,Texas,TX - El Paso ,TX,USA,Houston,425,375,,,,El Paso 
Copart,FT. WORTH - Texas - Copart,Texas,TX - Ft. Worth ,TX,USA,Houston,275,185,,,,Ft. Worth 
Copart,HOUSTON - Texas - Copart,Texas,TX - Houston ,TX,USA,Houston,180,100,,,,Houston 
Copart,HOUSTON EAST - Texas - Copart,Texas,TX - Houston East ,TX,USA,Houston,180,100,,,,Houston East 
Copart,LONGVIEW - Texas - Copart,Texas,TX - Longview ,TX,USA,Houston,275,200,,,,Longview 
Copart,LUFKIN - Texas - Copart,Texas,TX - Lufkin ,TX,USA,Houston,275,200,,,,Lufkin 
Copart,MCALLEN - Texas - Copart,Texas,TX - Mcallen ,TX,USA,Houston,350,285,,,,Mcallen 
Copart,SAN ANTONIO - Texas - Copart,Texas,TX - San Antonio ,TX,USA,Houston,300,200,,,,San Antonio 
Copart,WACO - Texas - Copart,Texas,TX - Waco ,TX,USA,Houston,325,250,,,,Waco 
Copart,OGDEN - Utah - Copart,Utah,UT - Ogden ,UT,USA,Los Angeles,550,500,,,,Ogden 
Copart,SALT LAKE CITY - Utah - Copart,Utah,UT - Salt Lake City ,UT,USA,Los Angeles,650,550,,,,Salt Lake City 
Copart,SALT LAKE CITY NORTH - Utah - Copart,Utah,UT - Salt Lake City North ,UT,USA,Los Angeles,550,500,,,,Salt Lake City North 
Copart,DANVILLE - Virginia - Copart,Virginia,VA - Danville ,VA,USA,Norfolk,300,250,,,,Danville 
Copart,FREDERICKSBURG - Virginia - Copart,Virginia,VA - Fredericksburg ,VA,USA,Norfolk,250,200,,,,Fredericksburg 
Copart,HAMPTON - Virginia - Copart,Virginia,VA - Hampton ,VA,USA,Norfolk,150,150,,,,Hampton 
Copart,RICHMOND - Virginia - Copart,Virginia,VA - Richmond ,VA,USA,Norfolk,175,175,,,,Richmond 
Copart,RICHMOND EAST - Virginia - Copart,Virginia,VA - Richmond East ,VA,USA,Norfolk,175,175,,,,Richmond East 
Copart,GRAHAM - Washington - Copart,Washington,WA - Graham ,WA,USA,Seattle,150,150,,,,Graham 
Copart,NORTH SEATTLE - Washington - Copart,Washington,WA - North Seattle ,WA,USA,Seattle,200,200,,,,North Seattle 
Copart,PASCO - Washington - Copart,Washington,WA - Pasco ,WA,USA,Seattle,350,275,,,,Pasco 
Copart,SPOKANE - Washington - Copart,Washington,WA - Spokane ,WA,USA,Seattle,350,275,,,,Spokane 
Copart,CHARLESTON - West Virginia - Copart,West Virginia,VW - Charleston ,VW,USA,Norfolk,625,500,,,,Charleston 
Copart,APPLETON - Wisconsin - Copart,Wisconsin,WI - Appleton ,WI,USA,Chicago,325,275,,,,Appleton 
Copart,MADISON - Wisconsin - Copart,Wisconsin,WI - Madison ,WI,USA,Chicago,300,250,,,,Madison 
Copart,MADISON SOUTH - Wisconsin - Copart,Wisconsin,WI - Madison South ,WI,USA,Chicago,300,250,,,,Madison South 
Copart,MILWAUKEE - Wisconsin - Copart,Wisconsin,WI - Milwaukee ,WI,USA,Chicago,225,225,,,,Milwaukee 
Copart,MILWAUKEE NORTH - Wisconsin - Copart,Wisconsin,WI - Milwaukee North ,WI,USA,Chicago,225,225,,,,Milwaukee North 
Copart,MILWAUKEE SOUTH - Wisconsin - Copart,Wisconsin,WI - Milwaukee South ,WI,USA,Chicago,225,225,,,,Milwaukee South 
Copart,CASPER - Wyoming - Copart,Wyoming,WV - Casper ,WV,USA,Chicago,Call for price,Call for price,,,,Casper 
Dyer Auto Auction,Dyer Auto Auction - Indiana - Dyer Auto Auction,Indiana,IN - Dyer Auto Auction ,IN,USA,Chicago,180,180,,,,Dyer Auto Auction 
IAAI,BIRMINGHAM - Alabama - IAAI,Alabama,AL - Birmingham ,AL,USA,Savannah,375,325,,,,Birmingham 
IAAI,DOTHAN - Alabama - IAAI,Alabama,AL - Dothan ,AL,USA,Savannah,375,325,,,,Dothan 
IAAI,HUNTSVILLE - Alabama - IAAI,Alabama,AL - Huntsville ,AL,USA,Savannah,450,400,,,,Huntsville 
IAAI,ANCHORAGE - Alaska - IAAI,Alaska,AK - Anchorage ,AK,USA,Anchorage,Call for price,,,,,Anchorage 
IAAI,PHOENIX - Arizona - IAAI,Arizona,AZ - Phoenix ,AZ,USA,Los Angeles,350,300,,,,Phoenix 
IAAI,TUCSON - Arizona - IAAI,Arizona,AZ - Tucson ,AZ,USA,Los Angeles,400,350,,,,Tucson 
IAAI,FAYETTEVILLE - Arkansas - IAAI,Arkansas,AR - Fayetteville ,AR,USA,Houston,475,375,,,,Fayetteville 
IAAI,LITTLE ROCK - Arkansas - IAAI,Arkansas,AR - Little Rock ,AR,USA,Houston,450,350,,,,Little Rock 
IAAI,ACE - PERRIS 2 - California - IAAI,California,CA - Ace ,CA,USA,Los Angeles,275,275,,,,Ace 
IAAI,ANAHEIM - California - IAAI,California,CA - Anaheim ,CA,USA,Los Angeles,200,200,,,,Anaheim 
IAAI,COLTON - California - IAAI,California,CA - Colton ,CA,USA,Los Angeles,200,200,,,,Colton 
IAAI,EAST BAY - California - IAAI,California,CA - East Bay ,CA,USA,Los Angeles,400,300,,,,East Bay 
IAAI,FONTANA - California - IAAI,California,CA - Fontana ,CA,USA,Los Angeles,200,200,,,,Fontana 
IAAI,FREMONT - California - IAAI,California,CA - Fremont ,CA,USA,Los Angeles,400,300,,400,,Fremont 
IAAI,FRESNO - California - IAAI,California,CA - Fresno ,CA,USA,Los Angeles,375,300,,,,Fresno 
IAAI,HIGH DESERT - California - IAAI,California,CA - High Desert ,CA,USA,Los Angeles,300,250,,,,High Desert 
IAAI,LOS ANGELES - California - IAAI,California,CA - Los Angeles ,CA,USA,Los Angeles,160,160,,,,Los Angeles 
IAAI,Los Angeles South - California - IAAI,California,CA - Los Angeles South ,CA,USA,Los Angeles,150,150,,,,Los Angeles South 
IAAI,NORTH HOLLYWOOD - California - IAAI,California,CA - North Hollywood ,CA,USA,Los Angeles,200,200,,,,North Hollywood 
IAAI,SACRAMENTO - California - IAAI,California,CA - Sacramento ,CA,USA,Los Angeles,400,300,,,,Sacramento 
IAAI,SAN BERNARDINO - California - IAAI,California,CA - San Bernardino ,CA,USA,Los Angeles,250,250,,,,San Bernardino 
IAAI,SAN DIEGO - California - IAAI,California,CA - San Diego ,CA,USA,Los Angeles,230,150,,,,San Diego 
IAAI,ACE - Carson - California - IAAI,California,CA - Ace ,CA,USA,Los Angeles,160,160,,,,Ace 
IAAI,Colorado Springs - Colorado - IAAI,Colorado,CO - Colorado Springs ,CO,USA,Chicago,650,500,,,,Colorado Springs 
IAAI,DENVER - Colorado - IAAI,Colorado,CO - Denver ,CO,USA,Chicago,650,500,,,,Denver 
IAAI,DENVER EAST - Colorado - IAAI,Colorado,CO - Denver East ,CO,USA,Chicago,650,500,,,,Denver East 
IAAI,WESTERN COLORADO - Colorado - IAAI,Colorado,CO - Western Colorado ,CO,USA,Chicago,Call for price,Call for price,,,,Western Colorado 
IAAI,HARTFORD - Connecticut - IAAI,Connecticut,CT - Hartford ,CT,USA,Newark,225,175,,,,Hartford 
IAAI,NEW CASTLE - Delaware - IAAI,Delaware,DE - New Castle ,DE,USA,Newark,250,225,,,,New Castle 
IAAI,CLEARWATER - Florida - IAAI,Florida,FL - Clearwater ,FL,USA,Miami,250,225,,,,Clearwater 
IAAI,FORT MYERS - Florida - IAAI,Florida,FL - Fort Myers ,FL,USA,Miami,250,225,,,,Fort Myers 
IAAI,FORT PIERCE - Florida - IAAI,Florida,FL - Fort Pierce ,FL,USA,Miami,200,180,,,,Fort Pierce 
IAAI,JACKSONVILLE - Florida - IAAI,Florida,FL - Jacksonville ,FL,USA,Savannah,225,175,,,,Jacksonville 
IAAI,MIAMI - Florida - IAAI,Florida,FL - Miami ,FL,USA,Miami,125,125,,,,Miami 
IAAI,ORLANDO - Florida - IAAI,Florida,FL - Orlando ,FL,USA,Miami,250,225,,,,Orlando 
IAAI,PENSACOLA - Florida - IAAI,Florida,FL - Pensacola ,FL,USA,Miami,400,375,,,,Pensacola 
IAAI,TAMPA - Florida - IAAI,Florida,FL - Tampa ,FL,USA,Miami,250,225,,,,Tampa 
IAAI,Tampa North - Florida - IAAI,Florida,FL - Tampa North ,FL,USA,Miami,275,250,,,,Tampa North 
IAAI,WEST PALM BEACH - Florida - IAAI,Florida,FL - West Palm Beach ,FL,USA,Miami,180,180,,,,West Palm Beach 
IAAI,ATLANTA - Georgia - IAAI,Georgia,GA - Atlanta ,GA,USA,Savannah,300,250,,,,Atlanta 
IAAI,ATLANTA EAST - Georgia - IAAI,Georgia,GA - Atlanta East ,GA,USA,Savannah,325,275,,,,Atlanta East 
IAAI,ATLANTA NORTH - Georgia - IAAI,Georgia,GA - Atlanta North ,GA,USA,Savannah,300,250,,,,Atlanta North 
IAAI,ATLANTA SOUTH - Georgia - IAAI,Georgia,GA - Atlanta South ,GA,USA,Savannah,300,250,,,,Atlanta South 
IAAI,MACON - Georgia - IAAI,Georgia,GA - Macon ,GA,USA,Savannah,275,200,,,,Macon 
IAAI,SAVANNAH - Georgia - IAAI,Georgia,GA - Savannah ,GA,USA,Savannah,125,125,,,,Savannah 
IAAI,TIFTON - Georgia - IAAI,Georgia,GA - Tifton ,GA,USA,Savannah,275,225,,,,Tifton 
IAAI,PORTLAND - GORHAM - Maine - IAAI,Oregon,OR - Portland ,OR,USA,Newark,475,375,,,,Portland 
IAAI,D&D TOWING INC MAUI - Hawaii - IAAI,Hawaii,HA - D&D Towing Inc Maui ,HA,USA,Los Angeles,2300,,,,,D&D Towing Inc Maui 
IAAI,DC TOWING HILO - Hawaii - IAAI,Hawaii,HA - Dc Towing Hilo ,HA,USA,Los Angeles,2000,,,,,Dc Towing Hilo 
IAAI,HONOLULU - Hawaii - IAAI,Hawaii,HA - Honolulu ,HA,USA,Honolulu,120,,,,,Honolulu 
IAAI,LEE'S TOWING KAUAI - Hawaii - IAAI,Hawaii,HA - Lee'S Towing Kauai ,HA,USA,Los Angeles,2750,,3150,2950,,Lee'S Towing Kauai 
IAAI,LEE'S TOWING KAUAI - Hawaii - IAAI,Hawaii,HA - Lee'S Towing Kauai ,HA,USA,Honolulu,1750,,2050,1750,,Lee'S Towing Kauai 
IAAI,WEST HAWAII TOWING & REPAIR INC KONA - Hawaii - IAAI,Hawaii,HA - West Hawaii Towing & Repair Inc Kona ,HA,USA,Los Angeles,2200,,,,,West Hawaii Towing & Repair Inc Kona 
IAAI,BOISE - Idaho - IAAI,Idaho,ID - Boise ,ID,USA,Seattle,450,450,,,,Boise 
IAAI,CHICAGO-NORTH - Illinois - IAAI,Illinois,IL - Chicago,IL,USA,Chicago,180,180,,,,Chicago
IAAI,CHICAGO-SOUTH - Illinois - IAAI,Illinois,IL - Chicago,IL,USA,Chicago,180,180,,,,Chicago
IAAI,LINCOLN - Illinois - IAAI,Illinois,IL - Lincoln ,IL,USA,Chicago,300,250,,,,Lincoln 
IAAI,ST. LOUIS - Illinois - IAAI,Illinois,IL - St. Louis ,IL,USA,Savannah,575,425,,,,St. Louis 
IAAI,Fort Wayne - Indiana - IAAI,Indiana,IN - Fort Wayne ,IN,USA,Chicago,300,250,,,,Fort Wayne 
IAAI,INDIANAPOLIS - Indiana - IAAI,Indiana,IN - Indianapolis ,IN,USA,Chicago,300,250,,,,Indianapolis 
IAAI,Indianapolis South - Indiana - IAAI,Indiana,IN - Indianapolis South ,IN,USA,Chicago,425,325,,,,Indianapolis South 
IAAI,SOUTH BEND - Indiana - IAAI,Indiana,IN - South Bend ,IN,USA,Chicago,250,200,,,,South Bend 
IAAI,DAVENPORT - Iowa - IAAI,Iowa,IA - Davenport ,IA,USA,Chicago,325,275,,,,Davenport 
IAAI,DES MOINES - Iowa - IAAI,Iowa,IA - Des Moines ,IA,USA,Chicago,400,300,,,,Des Moines 
IAAI,KANSAS CITY - Kansas - IAAI,Kansas,KS - Kansas City ,KS,USA,Savannah,625,450,,,,Kansas City 
IAAI,WICHITA - Kansas - IAAI,Kansas,KS - Wichita ,KS,USA,Houston,550,450,,,,Wichita 
IAAI,ASHLAND - Kentucky - IAAI,Kentucky,KY - Ashland ,KY,USA,Chicago,Call for price,Call for price,,,,Ashland 
IAAI,BOWLING GREEN - Kentucky - IAAI,Kentucky,KY - Bowling Green ,KY,USA,Chicago,Call for price,Call for price,,,,Bowling Green 
IAAI,LOUISVILLE - Kentucky - IAAI,Kentucky,KY - Louisville ,KY,USA,Chicago,425,325,,,,Louisville 
IAAI,LOUISVILLE NORTH - Kentucky - IAAI,Kentucky,KY - Louisville North ,KY,USA,Chicago,425,325,,,,Louisville North 
IAAI,PADUCAH - Kentucky - IAAI,Kentucky,KY - Paducah ,KY,USA,Chicago,Call for price,Call for price,,,,Paducah 
IAAI,BATON ROUGE - Louisiana - IAAI,Louisiana,LA - Baton Rouge ,LA,USA,Savannah,475,375,,,,Baton Rouge 
IAAI,LAFAYETTE - Louisiana - IAAI,Louisiana,LA - Lafayette ,LA,USA,Savannah,400,375,,,,Lafayette 
IAAI,NEW ORLEANS - Louisiana - IAAI,Louisiana,LA - New Orleans ,LA,USA,Savannah,425,375,,,,New Orleans 
IAAI,NEW ORLEANS EAST - Louisiana - IAAI,Louisiana,LA - New Orleans East ,LA,USA,Savannah,425,375,,,,New Orleans East 
IAAI,New Orleans and Louisiana Flood - Louisiana - IAAI,Louisiana,LA - New Orleans And Louisiana Flood ,LA,USA,Savannah,425,375,,,,New Orleans And Louisiana Flood 
IAAI,SHREVEPORT - Louisiana - IAAI,Louisiana,LA - Shreveport ,LA,USA,Houston,315,225,,,,Shreveport 
IAAI,BALTIMORE - Maryland - IAAI,Maryland,MD - Baltimore ,MD,USA,Norfolk,350,250,,,,Baltimore 
IAAI,DUNDALK - Maryland - IAAI,Maryland,MD - Dundalk ,MD,USA,Norfolk,300,250,,,,Dundalk 
IAAI,Elkton - Maryland - IAAI,Maryland,MD - Elkton ,MD,USA,Norfolk,350,300,,,,Elkton 
IAAI,LAUREL - Maryland - IAAI,Maryland,MD - Laurel ,MD,USA,Norfolk,300,250,,,,Laurel 
IAAI,METRO DC - Maryland - IAAI,Maryland,MD - Metro Dc ,MD,USA,Norfolk,300,250,,,,Metro Dc 
IAAI,ROSEDALE - Maryland - IAAI,Maryland,MD - Rosedale ,MD,USA,Norfolk,350,325,,,,Rosedale 
IAAI,BOSTON - SHIRLEY - Massachusetts - IAAI,Massachusetts,MA - Boston ,MA,USA,Newark,375,250,,,,Boston 
IAAI,TAUNTON - Massachusetts - IAAI,Massachusetts,MA - Taunton ,MA,USA,Newark,375,250,,,,Taunton 
IAAI,Templeton - Massachusetts - IAAI,Massachusetts,MA - Templeton ,MA,USA,Newark,375,250,,,,Templeton 
IAAI,DETROIT - Michigan - IAAI,Michigan,MI - Detroit ,MI,USA,Chicago,400,300,,,,Detroit 
IAAI,FLINT - Michigan - IAAI,Michigan,MI - Flint ,MI,USA,Chicago,450,325,,,,Flint 
IAAI,GRAND RAPIDS - Michigan - IAAI,Michigan,MI - Grand Rapids ,MI,USA,Chicago,400,300,,,,Grand Rapids 
IAAI,MINNEAPOLIS/ST. PAUL - Minnesota - IAAI,Minnesota,MN - Minneapolis/St. Paul ,MN,USA,Chicago,450,350,,,,Minneapolis/St. Paul 
IAAI,Minneapolis South - Minnesota - IAAI,Minnesota,MN - Minneapolis South ,MN,USA,Chicago,450,350,,,,Minneapolis South 
IAAI,GRENADA - Mississippi - IAAI,Mississippi,MS - Grenada ,MS,USA,Savannah,425,375,,,,Grenada 
IAAI,GULF COAST - Mississippi - IAAI,Mississippi,MS - Gulf Coast ,MS,USA,Savannah,400,350,,,,Gulf Coast 
IAAI,JACKSON - Mississippi - IAAI,Mississippi,MS - Jackson ,MS,USA,Savannah,425,375,,,,Jackson 
IAAI,Kansas City East - Missouri - IAAI,Missouri,MO - Kansas City East ,MO,USA,Savannah,625,450,,,,Kansas City East 
IAAI,SPRINGFIELD - Missouri - IAAI,Missouri,MO - Springfield ,MO,USA,Savannah,625,425,,,,Springfield 
IAAI,BILLINGS - Montana - IAAI,Montana,MT - Billings ,MT,USA,Seattle,850,850,,,,Billings 
IAAI,MISSOULA - Montana - IAAI,Montana,MT - Missoula ,MT,USA,Seattle,600,600,,,,Missoula 
IAAI,OMAHA - Nebraska - IAAI,Nebraska,NE - Omaha ,NE,USA,Chicago,450,350,,,,Omaha 
IAAI,LAS VEGAS - Nevada - IAAI,Nevada,NV - Las Vegas ,NV,USA,Los Angeles,325,250,,,,Las Vegas 
IAAI,RENO - Nevada - IAAI,Nevada,NV - Reno ,NV,USA,Los Angeles,550,500,,,,Reno 
IAAI,MANCHESTER - New Hampshire - IAAI,New Hampshire,NH - Manchester ,NH,USA,Newark,400,300,,,,Manchester 
IAAI,AVENEL NEW JERSEY - New Jersey - IAAI,New Jersey,NJ - Avenel New Jersey ,NJ,USA,Newark,125,75,,,,Avenel New Jersey 
IAAI,CENTRAL NEW JERSEY - New Jersey - IAAI,New Jersey,NJ - Central New Jersey ,NJ,USA,Newark,150,125,,,,Central New Jersey 
IAAI,Englishtown - New Jersey - IAAI,New Jersey,NJ - Englishtown ,NJ,USA,Newark,150,100,,,,Englishtown 
IAAI,NORTHERN NEW JERSEY - New Jersey - IAAI,New Jersey,NJ - Northern New Jersey ,NJ,USA,Newark,125,75,,,,Northern New Jersey 
IAAI,PORT MURRAY - New Jersey - IAAI,New Jersey,NJ - Port Murray ,NJ,USA,Newark,175,145,,,,Port Murray 
IAAI,SOUTHERN NEW JERSEY - New Jersey - IAAI,New Jersey,NJ - Southern New Jersey ,NJ,USA,Newark,200,165,,,,Southern New Jersey 
IAAI,Sayreville - New Jersey - IAAI,New Jersey,NJ - Sayreville ,NJ,USA,Newark,150,100,,,,Sayreville 
IAAI,ALBUQUERQUE - New Mexico - IAAI,New Mexico,NM - Albuquerque ,NM,USA,Houston,600,400,,,,Albuquerque 
IAAI,ALBANY - New York - IAAI,New York,NY - Albany ,NY,USA,Newark,275,225,,,,Albany 
IAAI,BUFFALO - New York - IAAI,New York,NY - Buffalo ,NY,USA,Newark,500,375,,,,Buffalo 
IAAI,LONG ISLAND - New York - IAAI,New York,NY - Long Island ,NY,USA,Newark,250,190,,,,Long Island 
IAAI,NEWBURGH - New York - IAAI,New York,NY - Newburgh ,NY,USA,Newark,225,175,,,,Newburgh 
IAAI,ROCHESTER - New York - IAAI,New York,NY - Rochester ,NY,USA,Newark,450,350,,,,Rochester 
IAAI,SYRACUSE - New York - IAAI,New York,NY - Syracuse ,NY,USA,Newark,325,275,,,,Syracuse 
IAAI,HOUSTON-NORTH - Texas - IAAI,Texas,TX - Houston,TX,USA,Houston,165,100,,,,Houston
IAAI,MIAMI-NORTH - Florida - IAAI,Florida,FL - Miami,FL,USA,Miami,150,150,,,,Miami
IAAI,ORLANDO-NORTH - Florida - IAAI,Florida,FL - Orlando,FL,USA,Miami,250,225,,,,Orlando
IAAI,PITTSBURGH-NORTH - Pennsylvania - IAAI,Pennsylvania,PA - Pittsburgh,PA,USA,Newark,450,325,,,,Pittsburgh
IAAI,ASHEVILLE - North Carolina - IAAI,North Carolina,NC - Asheville ,NC,USA,Norfolk,400,350,,,,Asheville 
IAAI,CHARLOTTE - North Carolina - IAAI,North Carolina,NC - Charlotte ,NC,USA,Norfolk,300,250,,,,Charlotte 
IAAI,CONCORD - North Carolina - IAAI,North Carolina,NC - Concord ,NC,USA,Norfolk,300,250,,,,Concord 
IAAI,GREENSBORO - North Carolina - IAAI,North Carolina,NC - Greensboro ,NC,USA,Norfolk,300,250,,,,Greensboro 
IAAI,HIGH POINT - North Carolina - IAAI,North Carolina,NC - High Point ,NC,USA,Norfolk,300,250,,,,High Point 
IAAI,RALEIGH - North Carolina - IAAI,North Carolina,NC - Raleigh ,NC,USA,Norfolk,300,250,,,,Raleigh 
IAAI,WILMINGTON - North Carolina - IAAI,North Carolina,NC - Wilmington ,NC,USA,Norfolk,375,325,,,,Wilmington 
IAAI,FARGO - North Dakota - IAAI,North Dakota,ND - Fargo ,ND,USA,Chicago,650,550,,,,Fargo 
IAAI,AKRON-CANTON - Ohio - IAAI,Ohio,OH - Akron,OH,USA,Norfolk,550,400,,,,Akron
IAAI,CINCINNATI - Ohio - IAAI,Ohio,OH - Cincinnati ,OH,USA,Norfolk,550,400,,,,Cincinnati 
IAAI,CINCINNATI SOUTH - Ohio - IAAI,Ohio,OH - Cincinnati South ,OH,USA,Norfolk,550,400,,,,Cincinnati South 
IAAI,CLEVELAND - Ohio - IAAI,Ohio,OH - Cleveland ,OH,USA,Norfolk,550,400,,,,Cleveland 
IAAI,COLUMBUS - Ohio - IAAI,Ohio,OH - Columbus ,OH,USA,Norfolk,550,400,,,,Columbus 
IAAI,DAYTON - Ohio - IAAI,Ohio,OH - Dayton ,OH,USA,Norfolk,550,400,,,,Dayton 
IAAI,OKLAHOMA CITY - Oklahoma - IAAI,Oklahoma,OK - Oklahoma City ,OK,USA,Houston,400,300,,,,Oklahoma City 
IAAI,TULSA - Oklahoma - IAAI,Oklahoma,OK - Tulsa ,OK,USA,Houston,475,375,,,,Tulsa 
IAAI,EUGENE - Oregon - IAAI,Oregon,OR - Eugene ,OR,USA,Seattle,375,300,,,,Eugene 
IAAI,PORTLAND - Oregon - IAAI,Oregon,OR - Portland ,OR,USA,Seattle,250,250,,,,Portland 
IAAI,Portland West - Oregon - IAAI,Oregon,OR - Portland West ,OR,USA,Seattle,250,250,,,,Portland West 
IAAI,ALTOONA - Pennsylvania - IAAI,Pennsylvania,PA - Altoona ,PA,USA,Newark,450,325,,,,Altoona 
IAAI,BRIDGEPORT - Pennsylvania - IAAI,Pennsylvania,PA - Bridgeport ,PA,USA,Newark,200,125,,,,Bridgeport 
IAAI,ERIE - Pennsylvania - IAAI,Pennsylvania,PA - Erie ,PA,USA,Newark,500,350,,,,Erie 
IAAI,PHILADELPHIA - Pennsylvania - IAAI,Pennsylvania,PA - Philadelphia ,PA,USA,Newark,200,125,,,,Philadelphia 
IAAI,PITTSBURGH - Pennsylvania - IAAI,Pennsylvania,PA - Pittsburgh ,PA,USA,Newark,450,325,,,,Pittsburgh 
IAAI,Philadelphia East - Pennsylvania - IAAI,Pennsylvania,PA - Philadelphia East ,PA,USA,Newark,200,125,,,,Philadelphia East 
IAAI,SCRANTON - Pennsylvania - IAAI,Pennsylvania,PA - Scranton ,PA,USA,Newark,250,175,,,,Scranton 
IAAI,YORK SPRINGS - Pennsylvania - IAAI,Pennsylvania,PA - York Springs ,PA,USA,Newark,275,225,,,,York Springs 
IAAI,ACE - Perris - California - IAAI,California,CA - Ace ,CA,Canada,Los Angeles,250,250,,,,Ace 
IAAI,PROVIDENCE - Rhode Island - IAAI,Rhode Island,RI - Providence ,RI,USA,Newark,350,250,,,,Providence 
IAAI,Fredericksburg-South - Virginia - IAAI,Virginia,VA - Fredericksburg,VA,USA,Norfolk,250,200,,,,Fredericksburg
IAAI,HARTFORD-SOUTH - Connecticut - IAAI,Connecticut,CT - Hartford,CT,USA,Newark,225,175,,,,Hartford
IAAI,SAN ANTONIO-SOUTH - Texas - IAAI,Texas,TX - San Antonio,TX,USA,Houston,300,200,,,,San Antonio
IAAI,CHARLESTON - South Carolina - IAAI,South Carolina,SC - Charleston ,SC,USA,Savannah,275,200,,,,Charleston 
IAAI,COLUMBIA - South Carolina - IAAI,South Carolina,SC - Columbia ,SC,USA,Savannah,275,200,,,,Columbia 
IAAI,GREENVILLE - South Carolina - IAAI,South Carolina,SC - Greenville ,SC,USA,Savannah,300,275,,,,Greenville 
IAAI,Lexington - South Carolina - IAAI,South Carolina,SC - Lexington ,SC,USA,Savannah,250,200,,,,Lexington 
IAAI,SIOUX FALLS - South Dakota - IAAI,South Dakota,SD - Sioux Falls ,SD,USA,Chicago,650,550,,,,Sioux Falls 
IAAI,CHATTANOOGA - Tennessee - IAAI,Tennessee,TN - Chattanooga ,TN,USA,Savannah,475,375,,,,Chattanooga 
IAAI,KNOXVILLE - Tennessee - IAAI,Tennessee,TN - Knoxville ,TN,USA,Savannah,400,350,,,,Knoxville 
IAAI,MEMPHIS - Tennessee - IAAI,Tennessee,TN - Memphis ,TN,USA,Savannah,500,425,,,,Memphis 
IAAI,NASHVILLE - Tennessee - IAAI,Tennessee,TN - Nashville ,TN,USA,Savannah,400,350,,,,Nashville 
IAAI,ABILENE - Texas - IAAI,Texas,TX - Abilene ,TX,USA,Houston,350,300,,,,Abilene 
IAAI,AMARILLO - Texas - IAAI,Texas,TX - Amarillo ,TX,USA,Houston,525,375,,,,Amarillo 
IAAI,AUSTIN - Texas - IAAI,Texas,TX - Austin ,TX,USA,Houston,250,175,,,,Austin 
IAAI,CORPUS CHRISTI - Texas - IAAI,Texas,TX - Corpus Christi ,TX,USA,Houston,275,225,,,,Corpus Christi 
IAAI,DALLAS - Texas - IAAI,Texas,TX - Dallas ,TX,USA,Houston,275,185,,,,Dallas 
IAAI,Dallas/Ft Worth - Texas - IAAI,Texas,TX - Dallas/Ft Worth ,TX,USA,Houston,275,185,,,,Dallas/Ft Worth 
IAAI,EL PASO - Texas - IAAI,Texas,TX - El Paso ,TX,USA,Houston,425,375,,,,El Paso 
IAAI,Fort Worth North - Texas - IAAI,Texas,TX - Fort Worth North ,TX,USA,Houston,275,200,,,,Fort Worth North 
IAAI,HOUSTON - Texas - IAAI,Texas,TX - Houston ,TX,USA,Houston,180,100,,,,Houston 
IAAI,HOUSTON SOUTH - Texas - IAAI,Texas,TX - Houston South ,TX,USA,Houston,180,100,,,,Houston South 
IAAI,LONGVIEW - Texas - IAAI,Texas,TX - Longview ,TX,USA,Houston,275,200,,,,Longview 
IAAI,LUBBOCK - Texas - IAAI,Texas,TX - Lubbock ,TX,USA,Houston,450,350,,,,Lubbock 
IAAI,MCALLEN - Texas - IAAI,Texas,TX - Mcallen ,TX,USA,Houston,350,285,,,,Mcallen 
IAAI,PERMIAN BASIN - Texas - IAAI,Texas,TX - Permian Basin ,TX,USA,Houston,450,350,,,,Permian Basin 
IAAI,SAN ANTONIO - Texas - IAAI,Texas,TX - San Antonio ,TX,USA,Houston,300,200,,,,San Antonio 
IAAI,SALT LAKE CITY - Utah - IAAI,Utah,UT - Salt Lake City ,UT,USA,Los Angeles,550,500,,,,Salt Lake City 
IAAI,BURLINGTON - Vermont - IAAI,Vermont,VT - Burlington ,VT,USA,Newark,500,400,,,,Burlington 
IAAI,CULPEPER - Virginia - IAAI,Virginia,VA - Culpeper ,VA,USA,Norfolk,250,200,,,,Culpeper 
IAAI,NORTHERN VIRGINIA - Virginia - IAAI,Virginia,VA - Northern Virginia ,VA,USA,Norfolk,250,200,,,,Northern Virginia 
IAAI,PULASKI - Virginia - IAAI,Virginia,VA - Pulaski ,VA,USA,Norfolk,400,375,,,,Pulaski 
IAAI,RICHMOND - Virginia - IAAI,Virginia,VA - Richmond ,VA,USA,Norfolk,200,200,,,,Richmond 
IAAI,ROANOKE - Virginia - IAAI,Virginia,VA - Roanoke ,VA,USA,Norfolk,375,350,,,,Roanoke 
IAAI,Suffolk - Virginia - IAAI,Virginia,VA - Suffolk ,VA,USA,Norfolk,150,150,,,,Suffolk 
IAAI,TIDEWATER - Virginia - IAAI,Virginia,VA - Tidewater ,VA,USA,Norfolk,150,150,,,,Tidewater 
IAAI,SEATTLE - Washington - IAAI,Washington,WA - Seattle ,WA,USA,Seattle,175,175,,,,Seattle 
IAAI,SPOKANE - Washington - IAAI,Washington,WA - Spokane ,WA,USA,Seattle,350,275,,,,Spokane 
IAAI,CHICAGO-WEST - Illinois - IAAI,Illinois,IL - Chicago,IL,USA,Chicago,180,180,,,,Chicago
IAAI,BUCKHANNON - West Virginia - IAAI,West Virginia,VW - Buckhannon ,VW,USA,Norfolk,625,500,,,,Buckhannon 
IAAI,SHADY SPRING - West Virginia - IAAI,West Virginia,VW - Shady Spring ,VW,USA,Norfolk,625,500,,,,Shady Spring 
IAAI,APPLETON - Wisconsin - IAAI,Wisconsin,WI - Appleton ,WI,USA,Chicago,325,275,,,,Appleton 
IAAI,MILWAUKEE - Wisconsin - IAAI,Wisconsin,WI - Milwaukee ,WI,USA,Chicago,225,225,,,,Milwaukee 
IAAI,PORTAGE - Wisconsin - IAAI,Wisconsin,WI - Portage ,WI,USA,Chicago,300,250,,,,Portage 
IAAI,CASPER - Wyoming - IAAI,Wyoming,WV - Casper ,WV,USA,Chicago,Call for price,Call for price,,,,Casper 
Impact Auto Auctions,Calgary North - Alberta - Impact Auto Auctions,Alberta,AB - Calgary North ,AB,Canada,Toronto,1450,1300,1650,1450,,Calgary North 
Impact Auto Auctions,Calgary South - Alberta - Impact Auto Auctions,Alberta,AB - Calgary South ,AB,Canada,Toronto,1450,1300,1650,1450,,Calgary South 
Impact Auto Auctions,Edmonton - Alberta - Impact Auto Auctions,Alberta,AB - Edmonton ,AB,Canada,Toronto,1450,1300,1650,1450,,Edmonton 
Impact Auto Auctions,Vancouver - British Columbia - Impact Auto Auctions,British Columbia,BC - Vancouver ,BC,Canada,Toronto,1950,1800,2150,1950,,Vancouver 
Impact Auto Auctions,Moncton - New Brunswick - Impact Auto Auctions,New Brunswick,NB - Moncton ,NB,Canada,Toronto,1200,1100,1450,1200,,Moncton 
Impact Auto Auctions,Halifax - Nova Scotia - Impact Auto Auctions,Nova Scotia,NS - Halifax ,NS,Canada,Toronto,1100,1000,1250,1100,,Halifax 
Impact Auto Auctions,Hamilton - Ontario - Impact Auto Auctions,Ontario,ON - Hamilton ,ON,Canada,Toronto,250,200,400,250,,Hamilton 
Impact Auto Auctions,London - Ontario - Impact Auto Auctions,Ontario,ON - London ,ON,Canada,Toronto,250,250,400,250,,London 
Impact Auto Auctions,Ottawa - Ontario - Impact Auto Auctions,Ontario,ON - Ottawa ,ON,Canada,Toronto,450,425,600,450,,Ottawa 
Impact Auto Auctions,Sudbury - Ontario - Impact Auto Auctions,Ontario,ON - Sudbury ,ON,Canada,Toronto,475,450,625,475,,Sudbury 
Impact Auto Auctions,Toronto - Ontario - Impact Auto Auctions,Ontario,ON - Toronto ,ON,Canada,Toronto,200,175,350,200,,Toronto 
Impact Auto Auctions,Montreal - Quebec - Impact Auto Auctions,Quebec,QC - Montreal ,QC,Canada,Toronto,475,400,575,475,,Montreal 
Impact Auto Auctions,Qubec City - Quebec - Impact Auto Auctions,Quebec,QC - QuBec City ,QC,Canada,Toronto,750,550,850,750,,QuBec City 
KENBEN INDUSTRIES LTD,"IMPOUND LOT - BROOKLYN, NY - New York - KENBEN INDUSTRIES LTD",New York,NY - Impound Lot ,NY,USA,Newark,750,,,,,Impound Lot 
Manheim,BIRMINGHAM - Alabama - Manheim,Alabama,AL - Birmingham ,AL,USA,Savannah,375,325,,,,Birmingham 
Manheim,EDMONTON - Alberta - Manheim,Alberta,AB - Edmonton ,AB,Canada,Toronto,1450,1300,1650,1450,,Edmonton 
Manheim,PHOENIX - Arizona - Manheim,Arizona,AZ - Phoenix ,AZ,USA,Los Angeles,350,300,,,,Phoenix 
Manheim,TUCSON - Arizona - Manheim,Arizona,AZ - Tucson ,AZ,USA,Los Angeles,375,275,,,,Tucson 
Manheim,Little Rock Manheim - Arkansas - Manheim,Arkansas,AR - Little Rock Manheim ,AR,USA,Houston,450,,,,,Little Rock Manheim 
Manheim,VANCOUVER - British Columbia - Manheim,British Columbia,BC - Vancouver ,BC,Canada,Toronto,1950,1800,2150,1950,,Vancouver 
Manheim,CALIFORNIA - California - Manheim,California,CA - California ,CA,USA,Los Angeles,200,200,,,,California 
Manheim,CENTRAL CALIFORNIA - California - Manheim,California,CA - Central California ,CA,USA,Los Angeles,350,250,,,,Central California 
Manheim,Fresno - California - Manheim,California,CA - Fresno ,CA,USA,Los Angeles,375,,,,,Fresno 
Manheim,RIVERSIDE - California - Manheim,California,CA - Riverside ,CA,USA,Los Angeles,220,,,,,Riverside 
Manheim,SAN DIEGO - California - Manheim,California,CA - San Diego ,CA,USA,Los Angeles,250,200,,,,San Diego 
Manheim,SAN FRANCISCO BAY - California - Manheim,California,CA - San Francisco Bay ,CA,USA,Los Angeles,400,300,,,,San Francisco Bay 
Manheim,SOUTHERN CALIFORNIA - California - Manheim,California,CA - Southern California ,CA,USA,Los Angeles,200,200,,,,Southern California 
Manheim,DENVER - Colorado - Manheim,Colorado,CO - Denver ,CO,USA,Chicago,650,500,,,,Denver 
Manheim,CENTRAL FLORIDA - Florida - Manheim,Florida,FL - Central Florida ,FL,USA,Miami,250,225,,,,Central Florida 
Manheim,DAYTONA BEACH - Florida - Manheim,Florida,FL - Daytona Beach ,FL,USA,Miami,300,275,,,,Daytona Beach 
Manheim,FORT LAUDERDALE - Florida - Manheim,Florida,FL - Fort Lauderdale ,FL,USA,Miami,150,150,,,,Fort Lauderdale 
Manheim,FORT MYERS - Florida - Manheim,Florida,FL - Fort Myers ,FL,USA,Miami,225,200,,,,Fort Myers 
Manheim,JACKSONVILLE - Florida - Manheim,Florida,FL - Jacksonville ,FL,USA,Savannah,225,175,,,,Jacksonville 
Manheim,LAKELAND - Florida - Manheim,Florida,FL - Lakeland ,FL,USA,Miami,325,300,,,,Lakeland 
Manheim,ORLANDO - Florida - Manheim,Florida,FL - Orlando ,FL,USA,Miami,250,225,,,,Orlando 
Manheim,PALM BEACH - Florida - Manheim,Florida,FL - Palm Beach ,FL,USA,Miami,170,170,,,,Palm Beach 
Manheim,PENSACOLA - Florida - Manheim,Florida,FL - Pensacola ,FL,USA,Miami,400,375,,,,Pensacola 
Manheim,ST PETE - Florida - Manheim,Florida,FL - St Pete ,FL,USA,Miami,250,225,,,,St Pete 
Manheim,TAMPA - Florida - Manheim,Florida,FL - Tampa ,FL,USA,Miami,250,225,,,,Tampa 
Manheim,ATLANTA - Georgia - Manheim,Georgia,GA - Atlanta ,GA,USA,Savannah,275,225,,,,Atlanta 
Manheim,GEORGIA - Georgia - Manheim,Georgia,GA - Georgia ,GA,USA,Savannah,275,225,,,,Georgia 
Manheim,METRO ATLANTA - Georgia - Manheim,Georgia,GA - Metro Atlanta ,GA,USA,Savannah,275,225,,,,Metro Atlanta 
Manheim,myCentralAuction - Georgia - Manheim,Georgia,GA - Mycentralauction ,GA,USA,Savannah,275,225,,,,Mycentralauction 
Manheim,HONOLULU - Hawaii - Manheim,Hawaii,HA - Honolulu ,HA,USA,Honolulu,180,,,,,Honolulu 
Manheim,ARENA ILLINOIS - Illinois - Manheim,Illinois,IL - Arena Illinois ,IL,USA,Chicago,180,180,,,,Arena Illinois 
Manheim,CHICAGO - Illinois - Manheim,Illinois,IL - Chicago ,IL,USA,Chicago,180,180,,,,Chicago 
Manheim,Clark County Auto Auction - Indiana - Manheim,Indiana,IN - Clark County Auto Auction ,IN,USA,Chicago,425,325,,,,Clark County Auto Auction 
Manheim,INDIANAPOLIS - Indiana - Manheim,Indiana,IN - Indianapolis ,IN,USA,Chicago,300,250,,,,Indianapolis 
Manheim,LOUISVILLE - Indiana - Manheim,Indiana,IN - Louisville ,IN,USA,Chicago,425,325,,,,Louisville 
Manheim,LAFAYETTE - Louisiana - Manheim,Louisiana,LA - Lafayette ,LA,USA,Savannah,400,375,,,,Lafayette 
Manheim,NEW ORLEANS - Louisiana - Manheim,Louisiana,LA - New Orleans ,LA,USA,Savannah,425,375,,,,New Orleans 
Manheim,NEW ENGLAND - Massachusetts - Manheim,Massachusetts,MA - New England ,MA,USA,Newark,375,250,,,,New England 
Manheim,DETROIT - Michigan - Manheim,Michigan,MI - Detroit ,MI,USA,Chicago,500,400,,,,Detroit 
Manheim,FLINT - Michigan - Manheim,Michigan,MI - Flint ,MI,USA,Chicago,450,,,,,Flint 
Manheim,MINNEAPOLIS - Minnesota - Manheim,Minnesota,MN - Minneapolis ,MN,USA,Chicago,450,350,,,,Minneapolis 
Manheim,NORTHSTAR MINNESOTA - Minnesota - Manheim,Minnesota,MN - Northstar Minnesota ,MN,USA,Chicago,450,350,,,,Northstar Minnesota 
Manheim,MISSISSIPPI - Mississippi - Manheim,Mississippi,MS - Mississippi ,MS,USA,Savannah,400,,,,,Mississippi 
Manheim,KANSAS CITY - Missouri - Manheim,Missouri,MO - Kansas City ,MO,USA,Savannah,625,450,,,,Kansas City 
Manheim,SPRINGFIELD - Missouri - Manheim,Missouri,MO - Springfield ,MO,USA,Savannah,625,425,,,,Springfield 
Manheim,ST LOUIS - Missouri - Manheim,Missouri,MO - St Louis ,MO,USA,Savannah,575,425,,,,St Louis 
Manheim,OMAHA - Nebraska - Manheim,Nebraska,NE - Omaha ,NE,USA,Chicago,450,350,,,,Omaha 
Manheim,NEVADA - Nevada - Manheim,Nevada,NV - Nevada ,NV,USA,Los Angeles,300,250,,,,Nevada 
Manheim,NEW JERSEY - New Jersey - Manheim,New Jersey,NJ - New Jersey ,NJ,USA,Newark,150,100,,,,New Jersey 
Manheim,NY METRO SKYLINE - New Jersey - Manheim,New Jersey,NJ - Ny Metro Skyline ,NJ,USA,Newark,150,100,,,,Ny Metro Skyline 
Manheim,NEW MEXICO - New Mexico - Manheim,New Mexico,NM - New Mexico ,NM,USA,Houston,600,400,,,,New Mexico 
Manheim,ALBANY - New York - Manheim,New York,NY - Albany ,NY,USA,Newark,275,225,,,,Albany 
Manheim,Manheim Rochester - New York - Manheim,New York,NY - Manheim Rochester ,NY,USA,Newark,450,350,,,,Manheim Rochester 
Manheim,NEW YORK - New York - Manheim,New York,NY - New York ,NY,USA,Newark,250,175,,,,New York 
Manheim,CHARLOTTE - North Carolina - Manheim,North Carolina,NC - Charlotte ,NC,USA,Norfolk,300,250,,,,Charlotte 
Manheim,NORTH CAROLINA - North Carolina - Manheim,North Carolina,NC - North Carolina ,NC,USA,Norfolk,300,,,,,North Carolina 
Manheim,STATESVILLE - North Carolina - Manheim,North Carolina,NC - Statesville ,NC,USA,Norfolk,300,,,,,Statesville 
Manheim,WILMINGTON - North Carolina - Manheim,North Carolina,NC - Wilmington ,NC,USA,Norfolk,375,,,,,Wilmington 
Manheim,HALIFAX - Nova Scotia - Manheim,Nova Scotia,NS - Halifax ,NS,Canada,Toronto,1100,1000,1250,1100,,Halifax 
Manheim,CINCINNATI - Ohio - Manheim,Ohio,OH - Cincinnati ,OH,USA,Norfolk,550,400,,,,Cincinnati 
Manheim,Manheim Cleveland - Ohio - Manheim,Ohio,OH - Manheim Cleveland ,OH,USA,Norfolk,550,,,,,Manheim Cleveland 
Manheim,OHIO - Ohio - Manheim,Ohio,OH - Ohio ,OH,USA,Norfolk,550,400,,,,Ohio 
Manheim,TULSA - Oklahoma - Manheim,Oklahoma,OK - Tulsa ,OK,USA,Houston,450,375,,,,Tulsa 
Manheim,TORONTO - Ontario - Manheim,Ontario,ON - Toronto ,ON,Canada,Toronto,200,175,350,200,,Toronto 
Manheim,PORTLAND - Oregon - Manheim,Oregon,OR - Portland ,OR,USA,Seattle,325,325,,,,Portland 
Manheim,KEYSTONE PENNSYLVANIA - Pennsylvania - Manheim,Pennsylvania,PA - Keystone Pennsylvania ,PA,USA,Newark,275,225,,,,Keystone Pennsylvania 
Manheim,PENNSYLVANIA - Pennsylvania - Manheim,Pennsylvania,PA - Pennsylvania ,PA,USA,Newark,200,125,,,,Pennsylvania 
Manheim,PHILADELPHIA - Pennsylvania - Manheim,Pennsylvania,PA - Philadelphia ,PA,USA,Newark,200,125,,,,Philadelphia 
Manheim,PITTSBURGH - Pennsylvania - Manheim,Pennsylvania,PA - Pittsburgh ,PA,USA,Newark,450,350,,,,Pittsburgh 
Manheim,MONTREAL - Quebec - Manheim,Quebec,QC - Montreal ,QC,Canada,Toronto,475,400,575,475,,Montreal 
Manheim,DARLINGTON - South Carolina - Manheim,South Carolina,SC - Darlington ,SC,USA,Savannah,275,225,,,,Darlington 
Manheim,GREER - South Carolina - Manheim,South Carolina,SC - Greer ,SC,USA,Savannah,275,200,,,,Greer 
Manheim,NASHVILLE - Tennessee - Manheim,Tennessee,TN - Nashville ,TN,USA,Savannah,400,350,,,,Nashville 
Manheim,DALLAS - Texas - Manheim,Texas,TX - Dallas ,TX,USA,Houston,275,185,,,,Dallas 
Manheim,DALLAS FORT WORTH - Texas - Manheim,Texas,TX - Dallas Fort Worth ,TX,USA,Houston,275,185,,,,Dallas Fort Worth 
Manheim,EL PASO - Texas - Manheim,Texas,TX - El Paso ,TX,USA,Houston,425,375,,,,El Paso 
Manheim,HOUSTON - Texas - Manheim,Texas,TX - Houston ,TX,USA,Houston,180,100,,,,Houston 
Manheim,SAN ANTONIO - Texas - Manheim,Texas,TX - San Antonio ,TX,USA,Houston,275,200,,,,San Antonio 
Manheim,TEXAS HOBBY - Texas - Manheim,Texas,TX - Texas Hobby ,TX,USA,Houston,150,100,,,,Texas Hobby 
Manheim,UTAH - Utah - Manheim,Utah,UT - Utah ,UT,USA,Los Angeles,550,500,,,,Utah 
Manheim,FREDERICKSBURG - Virginia - Manheim,Virginia,VA - Fredericksburg ,VA,USA,Norfolk,250,200,,,,Fredericksburg 
Manheim,HARRISONBURG - Virginia - Manheim,Virginia,VA - Harrisonburg ,VA,USA,Norfolk,350,325,,,,Harrisonburg 
Manheim,BALTIMORE-WASHINGTON - Maryland - Manheim,Maryland,MD - Baltimore,MD,USA,Norfolk,300,250,,,,Baltimore
Manheim,SEATTLE - Washington - Manheim,Washington,WA - Seattle ,WA,USA,Seattle,175,175,,,,Seattle 
Manheim,MILWAUKEE - Wisconsin - Manheim,Wisconsin,WI - Milwaukee ,WI,USA,Chicago,225,225,,,,Milwaukee 
Metro Salvage Pool,Metro Salvage Pool - Iowa - Metro Salvage Pool,Iowa,IA - Metro Salvage Pool ,IA,USA,Chicago,400,300,,,,Metro Salvage Pool 
NPA - National Power Sport,NPA - LAKELAND - Florida - NPA - National Power Sport,Florida,FL - Npa ,FL,USA,Miami,325,350,,,,Npa 
OVE,Adesa Brashers auto auction - California - OVE,California,CA - Adesa Brashers Auto Auction ,CA,USA,Los Angeles,400,,,,,Adesa Brashers Auto Auction 
OVE,America's Auto Auction St Louis - Illinois - OVE,Illinois,IL - America'S Auto Auction St Louis ,IL,USA,Savannah,575,,,,,America'S Auto Auction St Louis 
OVE,CLARK COUNTY AUTO AUCTION - Indiana - OVE,Indiana,IN - Clark County Auto Auction ,IN,USA,Chicago,425,,,,,Clark County Auto Auction 
OVE,Akron Auto Auction - Ohio - OVE,Ohio,OH - Akron Auto Auction ,OH,USA,Norfolk,550,,,,,Akron Auto Auction 
RB RITCHIE BROS. AUCTIONEERS,Quebec - Quebec - RB RITCHIE BROS. AUCTIONEERS,Quebec,QC - Quebec ,QC,Canada,Toronto,750,550,850,750,,Quebec 
Ritchie Bros Auctioneers Inc,Ritchie Bros Orlando - Florida - Ritchie Bros Auctioneers Inc,Florida,FL - Ritchie Bros Orlando ,FL,USA,Miami,,,,,300,Ritchie Bros Orlando 
SALVAGENOW,Salvage Gardena - California - SALVAGENOW,California,CA - Salvage Gardena ,CA,USA,Los Angeles,150,150,,,,Salvage Gardena 
SALVAGENOW,Salvagenow Pennsylvania - Pennsylvania - SALVAGENOW,Pennsylvania,PA - Salvagenow Pennsylvania ,PA,USA,Newark,250,,,,,Salvagenow Pennsylvania 
STARK AUTO SALES,TORONTO - Ontario - STARK AUTO SALES,Ontario,ON - Toronto ,ON,Canada,Toronto,200,175,350,200,,Toronto 
Total Resource Auctions,BIRMINGHAM - Alabama - Total Resource Auctions,Alabama,AL - Birmingham ,AL,USA,Savannah,375,325,,,,Birmingham 
Total Resource Auctions,MANHEIM PHOENIX - Arizona - Total Resource Auctions,Arizona,AZ - Manheim Phoenix ,AZ,USA,Los Angeles,350,250,,,,Manheim Phoenix 
Total Resource Auctions,PHOENIX - Arizona - Total Resource Auctions,Arizona,AZ - Phoenix ,AZ,USA,Los Angeles,350,300,,,,Phoenix 
Total Resource Auctions,TUCSON - Arizona - Total Resource Auctions,Arizona,AZ - Tucson ,AZ,USA,Los Angeles,375,275,,,,Tucson 
Total Resource Auctions,CALIFORNIA - California - Total Resource Auctions,California,CA - California ,CA,USA,Los Angeles,200,200,,,,California 
Total Resource Auctions,CENTRAL CALIFORNIA - California - Total Resource Auctions,California,CA - Central California ,CA,USA,Los Angeles,350,250,,,,Central California 
Total Resource Auctions,SAN DIEGO - California - Total Resource Auctions,California,CA - San Diego ,CA,USA,Los Angeles,250,150,,,,San Diego 
Total Resource Auctions,SAN FRANCISCO BAY - California - Total Resource Auctions,California,CA - San Francisco Bay ,CA,USA,Los Angeles,400,300,,,,San Francisco Bay 
Total Resource Auctions,SOUTHERN CALIFORNIA - California - Total Resource Auctions,California,CA - Southern California ,CA,USA,Los Angeles,200,200,,,,Southern California 
Total Resource Auctions,DENVER - Colorado - Total Resource Auctions,Colorado,CO - Denver ,CO,USA,Chicago,650,500,,,,Denver 
Total Resource Auctions,LITTLETON - Colorado - Total Resource Auctions,Colorado,CO - Littleton ,CO,USA,Chicago,650,,,,,Littleton 
Total Resource Auctions,CENTRAL FLORIDA - Florida - Total Resource Auctions,Florida,FL - Central Florida ,FL,USA,Miami,250,225,,,,Central Florida 
Total Resource Auctions,DAYTON BEACH - Florida - Total Resource Auctions,Florida,FL - Dayton Beach ,FL,USA,Miami,300,275,,,,Dayton Beach 
Total Resource Auctions,FT. LAUDERDALE - Florida - Total Resource Auctions,Florida,FL - Ft. Lauderdale ,FL,USA,Miami,150,150,,,,Ft. Lauderdale 
Total Resource Auctions,FT. MYERS - Florida - Total Resource Auctions,Florida,FL - Ft. Myers ,FL,USA,Miami,225,200,,,,Ft. Myers 
Total Resource Auctions,PENSACOLA - Florida - Total Resource Auctions,Florida,FL - Pensacola ,FL,USA,Miami,425,375,,,,Pensacola 
Total Resource Auctions,TAMPA - Florida - Total Resource Auctions,Florida,FL - Tampa ,FL,USA,Miami,225,200,,,,Tampa 
Total Resource Auctions,GEORGIA - Georgia - Total Resource Auctions,Georgia,GA - Georgia ,GA,USA,Savannah,275,,,,,Georgia 
Total Resource Auctions,ARENA - Illinois - Total Resource Auctions,Illinois,IL - Arena ,IL,USA,Chicago,180,180,,,,Arena 
Total Resource Auctions,INDIANAPOLIS - Indiana - Total Resource Auctions,Indiana,IN - Indianapolis ,IN,USA,Chicago,300,250,,,,Indianapolis 
Total Resource Auctions,LOUISVILLE - Indiana - Total Resource Auctions,Indiana,IN - Louisville ,IN,USA,Chicago,425,325,,,,Louisville 
Total Resource Auctions,DES MOINES - Iowa - Total Resource Auctions,Iowa,IA - Des Moines ,IA,USA,Chicago,400,300,,,,Des Moines 
Total Resource Auctions,LAFAYETTE - Louisiana - Total Resource Auctions,Louisiana,LA - Lafayette ,LA,USA,Savannah,400,375,,,,Lafayette 
Total Resource Auctions,NEW ORLEANS - Louisiana - Total Resource Auctions,Louisiana,LA - New Orleans ,LA,USA,Savannah,425,375,,,,New Orleans 
Total Resource Auctions,NEW ENGLAND - Massachusetts - Total Resource Auctions,Massachusetts,MA - New England ,MA,USA,Newark,325,275,,,,New England 
Total Resource Auctions,DETROIT EAST - Michigan - Total Resource Auctions,Michigan,MI - Detroit East ,MI,USA,Chicago,400,300,,,,Detroit East 
Total Resource Auctions,FLINT - Michigan - Total Resource Auctions,Michigan,MI - Flint ,MI,USA,Chicago,450,325,,,,Flint 
Total Resource Auctions,MINNEAPOLIS - Minnesota - Total Resource Auctions,Minnesota,MN - Minneapolis ,MN,USA,Chicago,450,350,,,,Minneapolis 
Total Resource Auctions,NORTHSTAR MINNESOTA - Minnesota - Total Resource Auctions,Minnesota,MN - Northstar Minnesota ,MN,USA,Chicago,450,350,,,,Northstar Minnesota 
Total Resource Auctions,MISSISSIPPI - Mississippi - Total Resource Auctions,Mississippi,MS - Mississippi ,MS,USA,Savannah,400,,,,,Mississippi 
Total Resource Auctions,KANSAS CITY - Missouri - Total Resource Auctions,Missouri,MO - Kansas City ,MO,USA,Savannah,625,450,,,,Kansas City 
Total Resource Auctions,SPRINGFIELD - Missouri - Total Resource Auctions,Missouri,MO - Springfield ,MO,USA,Savannah,625,425,,,,Springfield 
Total Resource Auctions,ST LOUIS - Missouri - Total Resource Auctions,Missouri,MO - St Louis ,MO,USA,Savannah,575,425,,,,St Louis 
Total Resource Auctions,OMAHA - Nebraska - Total Resource Auctions,Nebraska,NE - Omaha ,NE,USA,Chicago,450,350,,,,Omaha 
Total Resource Auctions,NEVADA - Nevada - Total Resource Auctions,Nevada,NV - Nevada ,NV,USA,Los Angeles,300,250,,,,Nevada 
Total Resource Auctions,NEW JERSEY - New Jersey - Total Resource Auctions,New Jersey,NJ - New Jersey ,NJ,USA,Newark,150,100,,,,New Jersey 
Total Resource Auctions,NY METRO SKYLINE - New Jersey - Total Resource Auctions,New Jersey,NJ - Ny Metro Skyline ,NJ,USA,Newark,150,100,,,,Ny Metro Skyline 
Total Resource Auctions,NEW MEXICO - New Mexico - Total Resource Auctions,New Mexico,NM - New Mexico ,NM,USA,Houston,650,400,,,,New Mexico 
Total Resource Auctions,ALBANY - New York - Total Resource Auctions,New York,NY - Albany ,NY,USA,Newark,250,200,,,,Albany 
Total Resource Auctions,NEW YORK - New York - Total Resource Auctions,New York,NY - New York ,NY,USA,Newark,250,175,,,,New York 
Total Resource Auctions,NORTH CAROLINA - North Carolina - Total Resource Auctions,North Carolina,NC - North Carolina ,NC,USA,Norfolk,300,,,,,North Carolina 
Total Resource Auctions,STATESVILLE - North Carolina - Total Resource Auctions,North Carolina,NC - Statesville ,NC,USA,Norfolk,300,250,,,,Statesville 
Total Resource Auctions,CINCINNATI - Ohio - Total Resource Auctions,Ohio,OH - Cincinnati ,OH,USA,Norfolk,550,400,,,,Cincinnati 
Total Resource Auctions,OHIO - Ohio - Total Resource Auctions,Ohio,OH - Ohio ,OH,USA,Norfolk,550,400,,,,Ohio 
Total Resource Auctions,TULSA - Oklahoma - Total Resource Auctions,Oklahoma,OK - Tulsa ,OK,USA,Houston,450,375,,,,Tulsa 
Total Resource Auctions,TORONTO - Ontario - Total Resource Auctions,Ontario,ON - Toronto ,ON,Canada,Toronto,200,175,350,200,,Toronto 
Total Resource Auctions,PORTLAND - Oregon - Total Resource Auctions,Oregon,OR - Portland ,OR,USA,Seattle,225,225,,,,Portland 
Total Resource Auctions,CENTRAL PENN - Pennsylvania - Total Resource Auctions,Pennsylvania,PA - Central Penn ,PA,USA,Newark,225,,,,,Central Penn 
Total Resource Auctions,PENNSYLVANIA - Pennsylvania - Total Resource Auctions,Pennsylvania,PA - Pennsylvania ,PA,USA,Newark,250,,,,,Pennsylvania 
Total Resource Auctions,PHILADELPHIA - Pennsylvania - Total Resource Auctions,Pennsylvania,PA - Philadelphia ,PA,USA,Newark,175,125,,,,Philadelphia 
Total Resource Auctions,DARLINGTON - South Carolina - Total Resource Auctions,South Carolina,SC - Darlington ,SC,USA,Savannah,275,,,,,Darlington 
Total Resource Auctions,NASHVILLE - Tennessee - Total Resource Auctions,Tennessee,TN - Nashville ,TN,USA,Savannah,400,,,,,Nashville 
Total Resource Auctions,DALLAS FORT WORTH - Texas - Total Resource Auctions,Texas,TX - Dallas Fort Worth ,TX,USA,Houston,275,185,,,,Dallas Fort Worth 
Total Resource Auctions,DALLAS METRO - Texas - Total Resource Auctions,Texas,TX - Dallas Metro ,TX,USA,Houston,275,185,,,,Dallas Metro 
Total Resource Auctions,EL PASO - Texas - Total Resource Auctions,Texas,TX - El Paso ,TX,USA,Houston,425,375,,,,El Paso 
Total Resource Auctions,HOUSTON NORTH - Texas - Total Resource Auctions,Texas,TX - Houston North ,TX,USA,Houston,180,100,,,,Houston North 
Total Resource Auctions,HOUSTON SOUTH - Texas - Total Resource Auctions,Texas,TX - Houston South ,TX,USA,Houston,180,100,,,,Houston South 
Total Resource Auctions,SAN ANTONIO - Texas - Total Resource Auctions,Texas,TX - San Antonio ,TX,USA,Houston,275,200,,,,San Antonio 
Total Resource Auctions,UTAH - Utah - Total Resource Auctions,Utah,UT - Utah ,UT,USA,Los Angeles,550,500,,,,Utah 
Total Resource Auctions,FREDERICKSBURG - Virginia - Total Resource Auctions,Virginia,VA - Fredericksburg ,VA,USA,Norfolk,250,200,,,,Fredericksburg 
Total Resource Auctions,HARRISONBURG - Virginia - Total Resource Auctions,Virginia,VA - Harrisonburg ,VA,USA,Norfolk,350,325,,,,Harrisonburg 
Total Resource Auctions,BALTIMORE-WASHINGTON - Maryland - Total Resource Auctions,Maryland,MD - Baltimore,MD,USA,Norfolk,300,250,,,,Baltimore
Total Resource Auctions,SEATTLE - Washington - Total Resource Auctions,Washington,WA - Seattle ,WA,USA,Seattle,150,150,,,,Seattle 
Total Resource Auctions,MILWAUKEE - Wisconsin - Total Resource Auctions,Wisconsin,WI - Milwaukee ,WI,USA,Chicago,225,225,,,,Milwaukee 